Venue_ID,Date,Time,Day_of_Week,Weather,Moon_Phase,Ticket_Price,VIPTicket_Price,Crowd_Size,Volume_Level,Opener_Rating,Band_Outfit,Crowd_Energy,x
V_Beta,06-07-2024,06:00,5,Cloudy,New Moon,25.36,0,633,5,5,Leather,0,Morning
V_Beta,14-03-2024,07:00,3,Cloudy,Waxing Crescent,75.87,0,641,2,4,Spandex,0,Morning
V_Beta,18-07-2024,07:00,3,Stormy,Waxing Gibbous,30.51,0,328,9,3,Spandex,0,Morning
V_Beta,14-05-2024,07:00,1,Cloudy,Waxing Crescent,87.97,0,265,8,2,Spandex,0,Morning
V_Beta,04-07-2024,08:00,3,Stormy,Waning Crescent,58.96,0,777,2,2,Spandex,0,Morning
V_Beta,16-09-2024,08:00,0,Clear,Waxing Gibbous,37.14,0,641,6,4,Leather,0,Morning
V_Beta,28-08-2024,08:00,2,Stormy,Last Quarter,84.35,0,594,10,5,Denim,0,Morning
V_Beta,03-04-2024,08:00,0,Stormy,Last Quarter,15,0,507,2,1,Leather,0,Morning
V_Beta,23-03-2024,08:00,5,Rainy,Waxing Gibbous,90.2,0,491,5,4,Denim,0,Morning
V_Beta,08-07-2024,08:00,0,Rainy,New Moon,64.77,0,454,10,1,Leather,0,Morning
V_Beta,24-05-2024,08:00,4,Rainy,Full Moon,42.9,0,417,5,1,Spandex,0,Morning
V_Beta,03-03-2024,08:00,6,Rainy,Last Quarter,17.72,0,409,2,1,Spandex,0,Morning
V_Beta,09-10-2024,08:00,1,Clear,Waxing Crescent,55.55,0,377,2,1,Denim,0,Morning
V_Beta,27-08-2024,08:00,1,Rainy,Last Quarter,37.28,0,372,3,2,Leather,0,Morning
V_Beta,24-06-2024,08:00,0,Stormy,Full Moon,59.43,0,188,6,1,Leather,0,Morning
V_Beta,27-03-2024,09:00,2,Cloudy,Full Moon,52.29,0,666,7,5,Spandex,0,Morning
V_Beta,31-08-2024,09:00,5,Cloudy,Waning Crescent,53.6,0,616,6,2,Denim,0,Morning
V_Beta,02-05-2024,09:00,3,Rainy,Last Quarter,61.34,0,606,1,5,Leather,0,Morning
V_Beta,09-04-2024,09:00,1,Stormy,New Moon,52.59,0,588,1,4,Denim,0,Morning
V_Beta,27-04-2024,09:00,5,Stormy,Waning Gibbous,73.72,0,577,5,2,Leather,0,Morning
V_Beta,14-04-2024,09:00,6,Stormy,Waxing Crescent,89.71,0,576,9,1,Denim,0,Morning
V_Beta,15-06-2024,09:00,5,Stormy,First Quarter,48,0,561,6,1,Spandex,0,Morning
V_Delta,08-04-2024,09:00,0,Rainy,Waning Crescent,42.21,0,480,11,4,Spandex,51.55,Morning
V_Delta,25-04-2024,09:00,3,Rainy,Full Moon,51.05,0,468,3,1,Leather,50.79,Morning
V_Beta,28-08-2024,09:00,2,Rainy,Last Quarter,59.56,0,436,2,1,Denim,0,Morning
V_Beta,16-08-2024,09:00,4,Stormy,Waxing Gibbous,31.36,0,392,3,2,Leather,0,Morning
V_Beta,03-09-2024,09:00,1,Stormy,New Moon,50.61,0,385,1,3,Leather,0,Morning
V_Beta,08-08-2024,09:00,3,Clear,New Moon,44.37,0,354,3,1,Leather,0,Morning
V_Beta,19-07-2024,09:00,4,Stormy,Waxing Gibbous,29.5,0,352,10,5,Spandex,0,Morning
V_Beta,06-09-2024,09:00,4,Clear,New Moon,51.15,0,198,8,1,Denim,0,Morning
V_Beta,13-04-2024,10:00,5,Stormy,Waxing Crescent,53.79,0,939,3,1,Leather,0,Morning
V_Beta,27-04-2024,10:00,5,Cloudy,Waning Gibbous,68.16,0,729,3,5,Leather,0,Morning
V_Beta,04-04-2024,10:00,3,Cloudy,Last Quarter,72.93,0,691,5,4,Leather,0,Morning
V_Beta,08-11-2024,10:00,6,Cloudy,Waxing Crescent,46.33,0,683,9,3,Leather,0,Morning
V_Beta,28-05-2024,10:00,1,Clear,Waning Gibbous,31.95,0,683,9,3,Spandex,0,Morning
V_Alpha,12-09-2024,10:00,3,Rainy,First Quarter,32.97,0,658,3.89,2,Leather,51.83,Morning
V_Beta,04-08-2024,10:00,6,Clear,Waning Crescent,52.84,0,651,1,1,Leather,0,Morning
V_Gamma,26-04-2024,10:00,4,Clear,Full Moon,68.3768,0,650,6,1,Denim,60.55,Morning
V_Beta,17-09-2024,10:00,1,Rainy,Waxing Gibbous,67.03,0,645,8,4,Denim,0,Morning
V_Beta,16-08-2024,10:00,4,Cloudy,Waxing Gibbous,49.26,0,609,2,3,Leather,0,Morning
V_Delta,02-03-2024,10:00,5,Rainy,Waning Gibbous,32.68,0,593,9,2,Leather,56.9,Morning
V_Beta,23-03-2024,10:00,5,Clear,Waxing Gibbous,80.89,0,582,6,2,Spandex,0,Morning
V_Beta,27-03-2024,10:00,2,Rainy,Full Moon,69.43,0,580,5,3,Leather,0,Morning
V_Beta,20-07-2024,10:00,5,Clear,Waxing Gibbous,28.04,0,558,2,2,Spandex,0,Morning
V_Beta,27-08-2024,10:00,1,Stormy,Last Quarter,64.49,0,536,1,2,Spandex,0,Morning
V_Beta,16-04-2024,10:00,1,Cloudy,First Quarter,58.58,0,532,9,4,Spandex,0,Morning
V_Beta,05-04-2024,10:00,4,Cloudy,Waning Crescent,31.22,0,529,5,3,Denim,0,Morning
V_Beta,04-07-2024,10:00,3,Cloudy,Waning Crescent,50.3,0,497,7,2,Spandex,0,Morning
V_Beta,06-07-2024,10:00,4,Rainy,New Moon,62.09,0,429,4,5,Denim,0,Morning
V_Beta,06-01-2024,10:00,5,Stormy,Last Quarter,31.59,0,412,11,4,Spandex,0,Morning
V_Beta,22-05-2024,10:00,2,Rainy,Waxing Gibbous,68.92,0,405,1,1,Denim,0,Morning
V_Beta,27-05-2024,10:00,0,Rainy,Waning Gibbous,80.51,0,359,1,3,Spandex,0,Morning
V_Beta,20-03-2024,10:00,2,Cloudy,First Quarter,90.62,0,227,11,1,Leather,0,Morning
V_Beta,14-04-2024,11:00,6,Clear,Waxing Crescent,21.86,0,825,9,1,Leather,0,Morning
V_Beta,22-03-2024,11:00,4,Stormy,Waxing Gibbous,15,0,754,5,5,Leather,0,Morning
V_Beta,15-04-2024,11:00,0,Rainy,Waxing Crescent,95.19,0,692,6,2,Spandex,0,Morning
V_Beta,23-04-2024,11:00,1,Cloudy,Waxing Gibbous,76.01,0,641,5,4,Denim,0,Morning
V_Beta,18-06-2024,11:00,1,Clear,Waxing Gibbous,15,0,641,9,5,Spandex,0,Morning
V_Beta,04-07-2024,11:00,6,Clear,Waning Crescent,52.78,0,633,10,5,Spandex,0,Morning
V_Beta,06-03-2024,11:00,0,Stormy,Waning Crescent,28.84,0,633,9,5,Leather,0,Morning
V_Beta,23-08-2024,11:00,4,Stormy,Waning Gibbous,53.11,0,588,4,5,Leather,0,Morning
V_Beta,15-07-2024,11:00,0,Stormy,First Quarter,55.86,0,571,4,2,Denim,0,Morning
V_Beta,15-09-2024,11:00,6,Stormy,Waxing Gibbous,45.84,0,522,9,4,Leather,0,Morning
V_Beta,08-07-2024,11:00,0,Rainy,New Moon,51.62,0,494,8,3,Spandex,0,Morning
V_Beta,07-06-2024,11:00,5,Rainy,New Moon,34.32,0,469,10,2,Leather,14.49,Morning
V_Beta,20-03-2024,11:00,2,Rainy,First Quarter,15,0,464,9,1,Spandex,0,Morning
V_Beta,17-05-2024,11:00,4,Rainy,First Quarter,57.63,0,443,1,1,Leather,0,Morning
V_Beta,03-07-2024,11:00,2,Cloudy,Waning Crescent,35.49,0,408,4,3,Spandex,0,Morning
V_Beta,30-07-2024,11:00,1,Rainy,Last Quarter,55.29,0,379,10,2,Denim,0,Morning
V_Beta,22-05-2024,11:00,2,Cloudy,Waxing Gibbous,70.43,0,363,4,4,Leather,0,Morning
V_Delta,23-06-2024,11:00,6,Stormy,Full Moon,29.58,0,337,6,3,Leather,47.45,Morning
V_Beta,04-03-2024,11:00,0,Cloudy,Last Quarter,51.49,0,326,8,2,Denim,0,Morning
V_Beta,07-09-2024,12:00,5,Cloudy,Waxing Crescent,82.47,0,898,8,4,Denim,0,Morning
V_Beta,08-05-2024,12:00,2,Cloudy,New Moon,38.65,0,774,3,3,Leather,0,Morning
V_Beta,08-10-2024,12:00,5,Cloudy,Waxing Crescent,32.09,0,747,4,5,Leather,0,Morning
V_Delta,13-06-2024,12:00,3,Clear,Waxing Crescent,24.35,0,692,8,1,Leather,81.43,Morning
V_Beta,09-08-2024,12:00,4,Rainy,Waxing Crescent,50.67,0,679,4,1,Leather,5.5,Morning
V_Beta,16-05-2024,12:00,3,Stormy,First Quarter,76.64,0,628,5,2,Leather,0,Morning
V_Alpha,06-04-2024,12:00,5,Clear,Waning Crescent,46.57,0,619,5,1,Leather,76.57,Morning
V_Beta,08-04-2024,12:00,6,Stormy,Waning Crescent,38.52,0,548,11,4,Denim,8.5,Morning
V_Beta,01-04-2024,12:00,0,Rainy,Waning Gibbous,74.13,0,518,4,2,Leather,0,Morning
V_Beta,24-03-2024,12:00,6,Clear,Waxing Gibbous,43.6,0,468,6,1,Denim,0.2,Morning
V_Beta,17-08-2024,12:00,5,Cloudy,Waxing Gibbous,30,0,400,3,4,Spandex,18.07,Morning
V_Gamma,20-05-2024,12:00,0,Cloudy,Waxing Gibbous,97.74,0,297,11,3,Denim,65.33,Morning
V_Delta,12-04-2024,12:00,4,Rainy,New Moon,45.87,0,278,6,4,Denim,39.2,Morning
V_Delta,16-07-2024,12:00,1,Rainy,First Quarter,25.96,0,229,9,5,Spandex,71.73,Morning
V_Beta,13-07-2024,12:00,5,Rainy,Waxing Crescent,28.83,0,219,11,4,Leather,0,Morning
V_Alpha,13-07-2024,13:00,5,Cloudy,Waxing Crescent,45.38,0,928,3.89,5,Denim,57.5,Afternoon
V_Alpha,29-06-2024,13:00,5,Stormy,Last Quarter,47.13,0,753,1,3,Leather,63.35,Afternoon
V_Beta,10-09-2024,13:00,1,Stormy,Waxing Crescent,16.69,0,715,9,2,Leather,0,Afternoon
V_Alpha,24-04-2024,13:00,2,Stormy,Full Moon,74.05,0,687,3.89,1,Denim,40.47,Afternoon
V_Beta,06-05-2024,13:00,0,Stormy,Waning Crescent,64.04,0,618,3,5,Spandex,11.09,Afternoon
V_Delta,21-07-2024,13:00,6,Cloudy,Full Moon,44.88,0,592,8,1,Denim,77.54,Afternoon
V_Beta,13-08-2024,13:00,1,Clear,First Quarter,72.28,0,579,5,5,Spandex,6.88,Afternoon
V_Beta,02-09-2024,13:00,0,Stormy,Waning Crescent,63.38,0,551,1,4,Leather,0,Afternoon
V_Gamma,02-04-2024,13:00,1,Clear,Last Quarter,89.67,0,545,5,1,Denim,62.68,Afternoon
V_Beta,30-03-2024,13:00,5,Clear,Waning Gibbous,58.53,0,538,3,5,Spandex,19.22,Afternoon
V_Beta,23-08-2024,13:00,4,Clear,Waning Gibbous,53.81,0,505,8,1,Denim,0,Afternoon
V_Gamma,26-04-2024,13:00,4,Stormy,Full Moon,0,0,482,3,5,Leather,75.97,Afternoon
V_Gamma,19-07-2024,13:00,4,Stormy,Waxing Gibbous,89.26,0,462,6,3,Spandex,93.21,Afternoon
V_Delta,26-03-2024,13:00,1,Cloudy,Full Moon,27.9,0,462,11,2,Denim,59.9,Afternoon
V_Gamma,15-09-2024,13:00,6,Stormy,Waxing Gibbous,65.0494,0,461,7,1,Denim,56,Afternoon
V_Gamma,28-05-2024,13:00,1,Cloudy,Waning Gibbous,69.73,0,455,10,1,Denim,67.36,Afternoon
V_Alpha,29-05-2024,13:00,2,Rainy,Waning Gibbous,57.15,0,449,3.89,4,Denim,33.13,Afternoon
V_Delta,18-03-2024,13:00,0,Cloudy,First Quarter,36.26,0,449,8,3,Denim,53.36,Afternoon
V_Alpha,24-05-2024,13:00,4,Stormy,Full Moon,71.46,0,441,3.89,5,Denim,10.27,Afternoon
V_Beta,26-08-2024,13:00,0,Stormy,Waning Gibbous,56.02,0,426,9,2,Spandex,16.19,Afternoon
V_Alpha,03-03-2024,13:00,6,Rainy,Last Quarter,48.64,0,417,5,1,Spandex,62.43,Afternoon
V_Delta,30-06-2024,13:00,6,Stormy,Last Quarter,29.66,0,417,1,2,Denim,32.39,Afternoon
V_Beta,05-04-2024,13:00,4,Clear,Waning Crescent,39.85,0,399,6,2,Spandex,15.54,Afternoon
V_Alpha,12-03-2024,13:00,1,Stormy,New Moon,61.68,0,379,3.89,1,Spandex,33.07,Afternoon
V_Beta,15-03-2024,13:00,4,Stormy,Waxing Crescent,42.51,0,357,2,3,Denim,4.74,Afternoon
V_Alpha,14-05-2024,13:00,1,Clear,Waxing Crescent,52.81,0,285,3.89,4,Denim,39.21,Afternoon
V_Beta,02-05-2024,13:00,3,Stormy,Last Quarter,82.13,0,262,2,3,Leather,19.53,Afternoon
V_Gamma,11-08-2024,14:00,6,Stormy,Waxing Crescent,71.79,0,940,1,1,Denim,79.98,Afternoon
V_Beta,08-08-2024,14:00,3,Cloudy,New Moon,74.18,0,875,3,5,Denim,11.22,Afternoon
V_Alpha,11-05-2024,14:00,5,Stormy,New Moon,65.64,0,780,3.89,5,Leather,43.09,Afternoon
V_Gamma,21-07-2024,14:00,6,Cloudy,Full Moon,84.2,0,735,1,1,Leather,77.14,Afternoon
V_Beta,15-06-2024,14:00,5,Stormy,First Quarter,60.46,0,718,11,1,Spandex,15.53,Afternoon
V_Gamma,25-03-2024,14:00,0,Stormy,Full Moon,61.8617,0,716,10,3,Denim,63.94,Afternoon
V_Alpha,17-06-2024,14:00,0,Clear,First Quarter,42.78,0,716,6,1,Leather,65.07,Afternoon
V_Beta,22-08-2024,14:00,3,Clear,Full Moon,15,0,698,7,5,Leather,22.99,Afternoon
V_Gamma,13-09-2024,14:00,4,Clear,First Quarter,64.5541,0,692,5,3,Leather,80.46,Afternoon
V_Gamma,23-04-2024,14:00,1,Cloudy,Waxing Gibbous,82.1097,0,666,7,5,Leather,81.73,Afternoon
V_Alpha,01-09-2024,14:00,6,Rainy,Waning Crescent,59.01,0,651,3.89,3,Spandex,51.52,Afternoon
V_Alpha,16-03-2024,14:00,5,Rainy,Waxing Crescent,32.56,0,639,3.89,5,Denim,42.8,Afternoon
V_Gamma,07-04-2024,14:00,6,Clear,Waning Crescent,85,0,600,9,4,Leather,87.01,Afternoon
V_Gamma,12-04-2024,14:00,4,Stormy,New Moon,87.2,130.8,585,4,2,Spandex,72.77,Afternoon
V_Delta,29-07-2024,14:00,0,Clear,Last Quarter,54,0,583,5,4,Denim,72.61,Afternoon
V_Delta,10-06-2024,14:00,0,Cloudy,New Moon,49.11,0,583,6,3,Denim,62.33,Afternoon
V_Delta,08-06-2024,14:00,5,Clear,New Moon,40.21,0,582,7,3,Spandex,52.47,Afternoon
V_Beta,30-07-2024,14:00,1,Cloudy,Last Quarter,49.66,0,581,8,4,Leather,15.95,Afternoon
V_Delta,23-08-2024,14:00,4,Stormy,Waning Gibbous,45.6,0,578,8,4,Denim,34.46,Afternoon
V_Beta,07-08-2024,14:00,2,Stormy,New Moon,41.68,0,569,4,5,Leather,23.21,Afternoon
V_Gamma,30-05-2024,14:00,3,Clear,Waning Gibbous,49.0064,0,567,5,4,Denim,63.89,Afternoon
V_Gamma,11-06-2024,14:00,1,Stormy,Waxing Crescent,70.5612,0,551,10,1,Denim,61.87,Afternoon
V_Gamma,22-05-2024,14:00,2,Stormy,Waxing Gibbous,63.96,0,540,10,2,Leather,64.41,Afternoon
V_Gamma,09-08-2024,14:00,4,Clear,Waxing Crescent,59.8,0,534,3,3,Denim,77.86,Afternoon
V_Gamma,07-03-2024,14:00,3,Cloudy,Waning Crescent,47.7774,0,520,8,1,Denim,38.24,Afternoon
V_Gamma,18-04-2024,14:00,3,Stormy,First Quarter,73.7362,0,518,6,1,Denim,59.93,Afternoon
V_Delta,25-04-2024,14:00,3,Stormy,Full Moon,44.31,0,439,5,4,Leather,39.3,Afternoon
V_Delta,07-06-2024,14:00,4,Stormy,New Moon,65.05,0,436,2,2,Spandex,40.64,Afternoon
V_Delta,18-07-2024,14:00,3,Clear,Waxing Gibbous,35.59,0,430,1,3,Leather,65.53,Afternoon
V_Delta,25-08-2024,14:00,6,Rainy,Waning Gibbous,23.78,0,400,3,3,Spandex,69.78,Afternoon
V_Alpha,01-04-2024,14:00,0,Rainy,Waning Gibbous,70.64,0,389,3.89,5,Leather,42.27,Afternoon
V_Beta,04-08-2024,14:00,0,Rainy,Waning Crescent,59.85,0,388,9,4,Denim,26.33,Afternoon
V_Delta,03-07-2024,14:00,2,Stormy,Waning Crescent,37.52,0,342,8,1,Spandex,45.65,Afternoon
V_Delta,26-08-2024,14:00,0,Rainy,Waning Gibbous,39.97,0,315,8,3,Leather,50.44,Afternoon
V_Gamma,28-03-2024,14:00,3,Stormy,Full Moon,0,0,314,11,2,Spandex,78.24,Afternoon
V_Beta,16-05-2024,14:00,3,Cloudy,First Quarter,44.04,0,282,1,5,Spandex,30.36,Afternoon
V_Beta,31-07-2024,14:00,2,Rainy,Last Quarter,37.3,0,237,7,1,Leather,20.03,Afternoon
V_Beta,01-08-2024,14:00,3,Clear,Waning Crescent,53.03,0,155,11,5,Denim,10.64,Afternoon
V_Delta,14-06-2024,14:00,4,Cloudy,First Quarter,37.38,0,104,1,2,Denim,65.25,Afternoon
V_Delta,02-06-2024,15:00,6,Rainy,Last Quarter,31.78,0,961,9,1,Spandex,68.99,Afternoon
V_Gamma,06-04-2024,15:00,5,Rainy,Waning Crescent,89.38,0,871,11,5,Spandex,93.83,Afternoon
V_Delta,10-03-2024,15:00,6,Rainy,New Moon,33.14,0,863,7,3,Leather,47.43,Afternoon
V_Gamma,29-03-2024,15:00,4,Clear,Waning Gibbous,85.43,0,862,10,4,Leather,88.41,Afternoon
V_Delta,25-05-2024,15:00,5,Rainy,Full Moon,25.02,0,796,7,1,Leather,65.76,Afternoon
V_Delta,04-05-2024,15:00,5,Stormy,Last Quarter,41.44,0,778,1,1,Denim,61.15,Afternoon
V_Gamma,28-06-2024,15:00,4,Cloudy,Waning Gibbous,58.94,0,772,1,1,Denim,45.11,Afternoon
V_Delta,31-03-2024,15:00,6,Clear,Waning Gibbous,30.18,0,740,4,2,Leather,39.04,Afternoon
V_Gamma,18-06-2024,15:00,1,Rainy,Waxing Gibbous,70.0761,0,729,6,2,Denim,82.46,Afternoon
V_Alpha,07-07-2024,15:00,6,Rainy,New Moon,42.03,0,710,3.89,5,Leather,27.15,Afternoon
V_Alpha,25-06-2024,15:00,1,Rainy,Waning Gibbous,46.91,0,707,6,2,Spandex,54.84,Afternoon
V_Delta,08-06-2024,15:00,5,Rainy,New Moon,47.4,0,704,1,2,Denim,45.38,Afternoon
V_Gamma,13-05-2024,15:00,0,Clear,Waxing Crescent,69.2,0,695,8,5,Spandex,83.32,Afternoon
V_Gamma,20-04-2024,15:00,5,Cloudy,Waxing Gibbous,68.53,0,693,2,4,Denim,86.71,Afternoon
V_Gamma,04-08-2024,15:00,6,Clear,Waning Crescent,79.0577,0,689,4,5,Spandex,81.73,Afternoon
V_Gamma,26-07-2024,15:00,4,Stormy,Waning Gibbous,70.35,0,680,1,2,Denim,50.47,Afternoon
V_Delta,09-03-2024,15:00,5,Rainy,Waning Crescent,51.37,0,679,1,1,Denim,42.58,Afternoon
V_Alpha,03-08-2024,15:00,5,Clear,Waning Crescent,44,0,667,3.89,1,Denim,47.67,Afternoon
V_Alpha,05-05-2024,15:00,6,Rainy,Waning Crescent,55.63,0,661,3.89,4,Denim,25.22,Afternoon
V_Gamma,05-08-2024,15:00,0,Clear,New Moon,72.69,0,650,8,1,Leather,45.5,Afternoon
V_Gamma,19-04-2024,15:00,4,Clear,First Quarter,70.1548,0,650,1,1,Leather,58.63,Afternoon
V_Delta,13-07-2024,15:00,5,Stormy,Waxing Crescent,44.82,0,650,7,3,Denim,70.16,Afternoon
V_Gamma,15-06-2024,15:00,5,Rainy,First Quarter,77.9145,0,639,3,3,Leather,80.1,Afternoon
V_Alpha,29-06-2024,15:00,5,Stormy,Last Quarter,49.64,0,634,5,3,Leather,76.32,Afternoon
V_Delta,24-05-2024,15:00,4,Cloudy,Full Moon,27.75,0,606,5,1,Leather,76.25,Afternoon
V_Delta,10-09-2024,15:00,1,Rainy,Waxing Crescent,25.6,0,604,9,2,Spandex,60.41,Afternoon
V_Gamma,06-05-2024,15:00,0,Cloudy,Waning Crescent,68.28,0,601,9,5,Leather,86.71,Afternoon
V_Delta,30-07-2024,15:00,1,Clear,Last Quarter,54.31,0,562,3,3,Leather,75.74,Afternoon
V_Gamma,30-03-2024,15:00,5,Rainy,Waning Gibbous,0,0,538,2,4,Leather,65.94,Afternoon
V_Gamma,02-04-2024,15:00,1,Rainy,Last Quarter,0,0,534,9,5,Spandex,83.68,Afternoon
V_Gamma,01-08-2024,15:00,3,Clear,Waning Crescent,50.9575,0,530,5,3,Denim,62.25,Afternoon
V_Gamma,29-08-2024,15:00,3,Rainy,Last Quarter,65.07,0,522,9,4,Spandex,88.36,Afternoon
V_Gamma,03-07-2024,15:00,2,Stormy,Waning Crescent,51.52,0,521,8,3,Denim,57.29,Afternoon
V_Gamma,15-08-2024,15:00,3,Rainy,First Quarter,73,0,514,11,4,Leather,93.6,Afternoon
V_Alpha,15-04-2024,15:00,0,Rainy,Waxing Crescent,86.56,0,511,3.89,4,Spandex,30.83,Afternoon
V_Gamma,26-06-2024,15:00,2,Rainy,Waning Gibbous,58.36,0,500,11,2,Denim,59.02,Afternoon
V_Delta,27-06-2024,15:00,3,Stormy,Waning Gibbous,52.15,0,476,5,4,Denim,39.61,Afternoon
V_Gamma,17-08-2024,15:00,5,Clear,Waxing Gibbous,86.56,0,473,11,3,Leather,87.51,Afternoon
V_Alpha,13-03-2024,15:00,2,Stormy,New Moon,69.63,0,464,3,3,Leather,54.7,Afternoon
V_Delta,25-08-2024,15:00,6,Cloudy,Waning Gibbous,20.2,0,464,11,3,Leather,64.77,Afternoon
V_Alpha,12-08-2024,15:00,0,Clear,First Quarter,48.87,0,456,3.89,3,Spandex,31.31,Afternoon
V_Delta,12-04-2024,15:00,4,Cloudy,New Moon,59.61,0,455,7,3,Leather,55.61,Afternoon
V_Gamma,16-08-2024,15:00,4,Stormy,Waxing Gibbous,76.17,0,454,9,1,Denim,60.38,Afternoon
V_Gamma,30-05-2024,15:00,3,Stormy,Waning Gibbous,58.4073,0,449,6,5,Leather,84.91,Afternoon
V_Alpha,11-09-2024,15:00,2,Rainy,First Quarter,43.05,0,425,3.89,5,Leather,34.92,Afternoon
V_Delta,05-09-2024,15:00,3,Rainy,New Moon,53.29,0,422,10,2,Denim,62.8,Afternoon
V_Alpha,10-08-2024,15:00,5,Rainy,Waxing Crescent,56.47,0,385,3.89,2,Denim,39.15,Afternoon
V_Delta,14-03-2024,15:00,3,Clear,Waxing Crescent,41.15,0,355,5,5,Leather,32.4,Afternoon
V_Beta,04-07-2024,15:00,3,Clear,Waning Crescent,69.93,0,293,1,1,Denim,21.04,Afternoon
V_Gamma,01-03-2024,15:00,4,Cloudy,Waning Gibbous,82.47,123.7,286,7,1,Leather,76.04,Afternoon
V_Alpha,12-07-2024,15:00,4,Clear,Waxing Crescent,61.09,0,225,3.89,1,Leather,11,Afternoon
V_Gamma,16-04-2024,15:00,1,Clear,First Quarter,96.012,0,213,8,1,Leather,59.19,Afternoon
V_Delta,12-03-2024,15:00,1,Rainy,New Moon,36.16,0,139,10,2,Leather,57.25,Afternoon
V_Delta,17-08-2024,16:00,5,Cloudy,Waxing Gibbous,25.7,0,923,2,4,Denim,42.08,Afternoon
V_Delta,31-07-2024,16:00,2,Rainy,Last Quarter,23.22,0,889,9,3,Spandex,61.23,Afternoon
V_Delta,11-05-2024,16:00,5,Stormy,New Moon,42.84,0,881,3,5,Denim,55.5,Afternoon
V_Delta,06-08-2024,16:00,1,Rainy,New Moon,40.21,0,871,6,1,Leather,62.48,Afternoon
V_Delta,16-03-2024,16:00,5,Rainy,Waxing Crescent,44.91,0,845,6,2,Leather,77.41,Afternoon
V_Gamma,30-03-2024,16:00,5,Clear,Waning Gibbous,0,0,826,7,5,Leather,79.76,Afternoon
V_Delta,10-08-2024,16:00,5,Rainy,Waxing Crescent,54.22,0,793,1,1,Denim,43.66,Afternoon
V_Beta,09-08-2024,16:00,6,Rainy,Waxing Crescent,15,0,784,11,3,Leather,47.89,Afternoon
V_Delta,01-08-2024,16:00,3,Clear,Waning Crescent,47.87,0,770,7,1,Leather,81.98,Afternoon
V_Gamma,22-07-2024,16:00,0,Rainy,Full Moon,108.11,0,755,7,4,Denim,77.81,Afternoon
V_Gamma,23-06-2024,16:00,6,Rainy,Full Moon,0,0,755,7,1,Spandex,75.64,Afternoon
V_Gamma,03-08-2024,16:00,5,Rainy,Waning Crescent,79.6899,0,752,10,5,Leather,92.97,Afternoon
V_Delta,16-05-2024,16:00,3,Rainy,First Quarter,60.27,0,750,5,1,Denim,59.78,Afternoon
V_Alpha,23-07-2024,16:00,1,Cloudy,Full Moon,61.58,0,735,3.89,4,Leather,20.08,Afternoon
V_Gamma,27-07-2024,16:00,5,Stormy,Waning Gibbous,74.14,111.21,732,1,1,Leather,68.44,Afternoon
V_Alpha,18-05-2024,16:00,5,Cloudy,First Quarter,60.32,0,709,3.89,3,Denim,49.65,Afternoon
V_Alpha,28-06-2024,16:00,4,Stormy,Waning Gibbous,46.38,0,698,5,2,Leather,62.86,Afternoon
V_Delta,15-09-2024,16:00,6,Clear,Waxing Gibbous,23.24,0,688,6,5,Denim,59.23,Afternoon
V_Delta,21-08-2024,16:00,2,Stormy,Full Moon,20.97,0,671,9,3,Spandex,64.53,Afternoon
V_Delta,08-06-2024,16:00,5,Cloudy,New Moon,34.13,0,663,6,1,Leather,66.17,Afternoon
V_Delta,19-08-2024,16:00,0,Rainy,Waxing Gibbous,40.58,0,662,2,3,Leather,42.81,Afternoon
V_Alpha,20-07-2024,16:00,5,Clear,Waxing Gibbous,43.39,0,651,3.89,2,Denim,48.75,Afternoon
V_Delta,24-03-2024,16:00,6,Cloudy,Waxing Gibbous,55.87,0,649,1,5,Denim,43.15,Afternoon
V_Gamma,03-09-2024,16:00,1,Rainy,New Moon,0,0,636,8,3,Spandex,85.6,Afternoon
V_Alpha,28-08-2024,16:00,2,Cloudy,Last Quarter,63.82,0,630,3.89,5,Leather,26.73,Afternoon
V_Alpha,02-04-2024,16:00,1,Cloudy,Last Quarter,49.34,0,617,3.89,3,Denim,52.93,Afternoon
V_Beta,12-09-2024,16:00,3,Rainy,First Quarter,31.56,0,612,1,5,Leather,32.64,Afternoon
V_Delta,01-03-2024,16:00,4,Cloudy,Waning Gibbous,29.44,0,611,7,1,Leather,75.2,Afternoon
V_Alpha,05-04-2024,16:00,4,Rainy,Waning Crescent,17.02,0,609,3.89,3,Denim,32.87,Afternoon
V_Alpha,09-05-2024,16:00,3,Stormy,New Moon,68.41,0,606,3.89,4,Denim,28.79,Afternoon
V_Delta,28-04-2024,16:00,6,Cloudy,Waning Gibbous,49.66,0,606,8,4,Leather,69.44,Afternoon
V_Alpha,16-08-2024,16:00,4,Clear,Waxing Gibbous,55.36,0,599,5,5,Denim,66.36,Afternoon
V_Gamma,23-03-2024,16:00,5,Clear,Waxing Gibbous,101.87,0,591,9,4,Spandex,89.08,Afternoon
V_Alpha,29-06-2024,16:00,5,Clear,Last Quarter,40.82,0,590,1,5,Leather,56.04,Afternoon
V_Delta,25-07-2024,16:00,3,Stormy,Waning Gibbous,52.03,0,588,8,1,Denim,32.4,Afternoon
V_Delta,31-03-2024,16:00,6,Cloudy,Waning Gibbous,51.92,0,578,4,2,Spandex,63.08,Afternoon
V_Gamma,26-05-2024,16:00,6,Stormy,Full Moon,53.45,0,573,7,3,Spandex,39.31,Afternoon
V_Delta,04-08-2024,16:00,6,Stormy,Waning Crescent,50.74,0,569,9,4,Denim,67.21,Afternoon
V_Alpha,06-06-2024,16:00,3,Stormy,Waning Crescent,47.13,0,566,3.89,4,Denim,56.72,Afternoon
V_Alpha,12-06-2024,16:00,2,Rainy,Waxing Crescent,61.74,0,562,1,3,Leather,78.51,Afternoon
V_Delta,02-09-2024,16:00,0,Clear,Waning Crescent,42.31,0,536,3,1,Leather,30.12,Afternoon
V_Delta,23-08-2024,16:00,4,Clear,Waning Gibbous,15.05,0,530,3,4,Leather,46.6,Afternoon
V_Gamma,14-06-2024,16:00,4,Stormy,First Quarter,65.7352,0,520,8,3,Leather,62.86,Afternoon
V_Delta,08-09-2024,16:00,6,Clear,Waxing Crescent,49.6,0,514,10,3,Leather,70.45,Afternoon
V_Delta,12-03-2024,16:00,1,Stormy,New Moon,43.68,0,513,5,4,Leather,83.62,Afternoon
V_Delta,02-03-2024,16:00,5,Stormy,Waning Gibbous,35.95,0,509,6,3,Denim,52.86,Afternoon
V_Delta,15-08-2024,16:00,3,Stormy,First Quarter,63.05,0,507,1,1,Denim,51.96,Afternoon
V_Alpha,08-05-2024,16:00,2,Stormy,New Moon,44.39,0,506,3.89,4,Leather,18.34,Afternoon
V_Gamma,06-05-2024,16:00,0,Cloudy,Waning Crescent,61.35,0,503,6,3,Leather,50.47,Afternoon
V_Delta,10-06-2024,16:00,0,Rainy,New Moon,44.43,0,501,11,5,Leather,61.18,Afternoon
V_Alpha,25-08-2024,16:00,6,Clear,Waning Gibbous,62.42,0,496,3.89,2,Leather,49.83,Afternoon
V_Gamma,12-08-2024,16:00,0,Cloudy,First Quarter,0,0,493,9,4,Spandex,63.38,Afternoon
V_Delta,20-05-2024,16:00,0,Cloudy,Waxing Gibbous,54.81,0,490,11,3,Leather,69.8,Afternoon
V_Gamma,27-08-2024,16:00,1,Cloudy,Last Quarter,76.21,0,485,10,3,Denim,75.43,Afternoon
V_Gamma,27-06-2024,16:00,3,Rainy,Waning Gibbous,71.87,0,483,3,2,Leather,58.94,Afternoon
V_Alpha,15-04-2024,16:00,0,Stormy,Waxing Crescent,65.94,0,480,3.89,5,Spandex,34.64,Afternoon
V_Alpha,28-03-2024,16:00,3,Clear,Full Moon,57.48,0,480,3.89,1,Denim,51.03,Afternoon
V_Alpha,19-05-2024,16:00,6,Clear,First Quarter,40.33,0,480,3.89,2,Spandex,18.52,Afternoon
V_Delta,01-06-2024,16:00,5,Rainy,Last Quarter,40.66,0,476,9,1,Denim,64.22,Afternoon
V_Alpha,06-07-2024,16:00,5,Stormy,New Moon,92.21,0,473,4,3,Denim,70.42,Afternoon
V_Delta,22-06-2024,16:00,5,Stormy,Full Moon,23.3,0,467,8,2,Leather,59.45,Afternoon
V_Gamma,25-03-2024,16:00,0,Cloudy,Full Moon,60.06,0,466,9,5,Leather,66.03,Afternoon
V_Gamma,14-08-2024,16:00,2,Stormy,First Quarter,62.1157,0,451,11,1,Denim,39.78,Afternoon
V_Delta,27-05-2024,16:00,0,Rainy,Waning Gibbous,40.37,0,444,5,5,Spandex,54.01,Afternoon
V_Delta,07-06-2024,16:00,4,Clear,New Moon,36.82,0,442,8,4,Leather,41.75,Afternoon
V_Gamma,13-05-2024,16:00,0,Rainy,Waxing Crescent,56.37,84.55,428,8,4,Denim,80.54,Afternoon
V_Delta,30-05-2024,16:00,3,Clear,Waning Gibbous,38.88,0,420,11,4,Leather,75.37,Afternoon
V_Gamma,04-07-2024,16:00,3,Cloudy,Waning Crescent,47,0,412,3,5,Denim,56.51,Afternoon
V_Delta,30-06-2024,16:00,6,Clear,Last Quarter,31.62,0,411,9,2,Leather,91.24,Afternoon
V_Delta,01-07-2024,16:00,0,Rainy,Last Quarter,33.37,0,410,4,5,Denim,55.1,Afternoon
V_Delta,02-06-2024,16:00,6,Stormy,Last Quarter,46.23,0,407,11,1,Denim,87.7,Afternoon
V_Delta,14-07-2024,16:00,6,Clear,First Quarter,34.94,0,378,3,2,Leather,60.97,Afternoon
V_Alpha,10-07-2024,16:00,2,Stormy,Waxing Crescent,85.83,0,377,4,3,Leather,55.21,Afternoon
V_Gamma,18-03-2024,16:00,0,Clear,First Quarter,80,0,367,5,1,Denim,62.96,Afternoon
V_Delta,01-04-2024,16:00,0,Cloudy,Waning Gibbous,33.39,0,345,10,5,Denim,77.59,Afternoon
V_Delta,10-05-2024,16:00,4,Rainy,New Moon,43.08,0,332,4,1,Leather,39.78,Afternoon
V_Alpha,22-04-2024,16:00,0,Rainy,Waxing Gibbous,83.67,0,311,5,2,Spandex,78.53,Afternoon
V_Gamma,18-06-2024,16:00,1,Clear,Waxing Gibbous,95.92,0,307,5,5,Denim,79.4,Afternoon
V_Alpha,26-03-2024,16:00,1,Rainy,Full Moon,29.74,0,297,3.89,1,Denim,30.33,Afternoon
V_Gamma,05-03-2024,16:00,1,Clear,Last Quarter,61.9774,0,261,7,1,Leather,69.59,Afternoon
V_Delta,05-07-2024,16:00,4,Cloudy,Waning Crescent,66.48,0,247,10,5,Denim,59.52,Afternoon
V_Alpha,29-04-2024,16:00,0,Stormy,Waning Gibbous,42.02,0,226,5,3,Leather,73.83,Afternoon
V_Delta,24-04-2024,16:00,2,Cloudy,Full Moon,42.67,0,214,11,4,Leather,48,Afternoon
V_Gamma,11-04-2024,16:00,3,Stormy,New Moon,0,0,210,8,5,Spandex,94.96,Afternoon
V_Alpha,04-03-2024,16:00,0,Clear,Last Quarter,41.41,0,153,3.89,2,Denim,37.12,Afternoon
V_Alpha,03-08-2024,17:00,5,Rainy,Waning Crescent,41.76,0,890,3.89,2,Denim,52.01,Evening
V_Alpha,29-05-2024,17:00,2,Cloudy,Waning Gibbous,33.62,0,811,3,4,Spandex,55.31,Evening
V_Alpha,30-03-2024,17:00,5,Rainy,Waning Gibbous,40.99,0,806,3.89,5,Denim,55.3,Evening
V_Delta,14-05-2024,17:00,1,Clear,Waxing Crescent,21.07,0,799,10,2,Leather,69.62,Evening
V_Delta,21-04-2024,17:00,6,Clear,Waxing Gibbous,51.84,0,796,7,2,Spandex,79.65,Evening
V_Gamma,04-09-2024,17:00,2,Rainy,New Moon,90.2,135.3,795,6,4,Denim,88.04,Evening
V_Delta,13-07-2024,17:00,5,Cloudy,Waxing Crescent,49.49,0,772,11,5,Spandex,73.79,Evening
V_Delta,02-05-2024,17:00,3,Rainy,Last Quarter,39.01,0,772,10,1,Spandex,60.3,Evening
V_Delta,31-08-2024,17:00,5,Clear,Waning Crescent,31.53,0,766,6,1,Leather,52.77,Evening
V_Gamma,29-06-2024,17:00,5,Cloudy,Last Quarter,61,0,756,3,1,Denim,53.63,Evening
V_Delta,08-07-2024,17:00,0,Rainy,New Moon,41.17,0,756,10,4,Leather,76.58,Evening
V_Delta,10-03-2024,17:00,6,Rainy,New Moon,58.2,0,748,2,4,Leather,73.51,Evening
V_Delta,20-07-2024,17:00,5,Stormy,Waxing Gibbous,36.89,0,735,9,3,Leather,78.27,Evening
V_Gamma,06-04-2024,17:00,5,Rainy,Waning Crescent,54.48,0,734,2,5,Leather,62.73,Evening
V_Gamma,19-05-2024,17:00,6,Clear,First Quarter,44.7,0,727,5,4,Denim,47.41,Evening
V_Delta,29-08-2024,17:00,3,Cloudy,Last Quarter,41.33,0,727,9,5,Leather,73.45,Evening
V_Alpha,11-09-2024,17:00,2,Rainy,First Quarter,42.72,0,720,5,3,Denim,59.68,Evening
V_Alpha,23-08-2024,17:00,4,Rainy,Waning Gibbous,80.7,0,719,3.89,5,Leather,32.74,Evening
V_Delta,23-06-2024,17:00,6,Clear,Full Moon,42.42,0,714,7,1,Leather,80.99,Evening
V_Gamma,25-08-2024,17:00,6,Stormy,Waning Gibbous,56.9961,0,701,8,4,Leather,61.33,Evening
V_Gamma,16-09-2024,17:00,0,Cloudy,Waxing Gibbous,60.7187,0,699,8,4,Leather,82.83,Evening
V_Gamma,24-08-2024,17:00,5,Cloudy,Waning Gibbous,56.96,85.44,698,2,3,Leather,53.89,Evening
V_Delta,03-05-2024,17:00,4,Clear,Last Quarter,16.61,0,690,7,4,Leather,74.18,Evening
V_Delta,05-08-2024,17:00,0,Rainy,New Moon,30.2,0,687,10,4,Denim,69.72,Evening
V_Delta,04-07-2024,17:00,3,Clear,Waning Crescent,68.13,0,686,5,5,Denim,43.77,Evening
V_Gamma,06-06-2024,17:00,3,Stormy,Waning Crescent,56.0959,0,685,8,3,Leather,47.58,Evening
V_Delta,01-09-2024,17:00,6,Rainy,Waning Crescent,35.93,0,679,10,2,Spandex,88.33,Evening
V_Delta,26-05-2024,17:00,6,Clear,Full Moon,27.83,0,677,2,4,Leather,51.98,Evening
V_Gamma,19-07-2024,17:00,4,Rainy,Waxing Gibbous,75.92,0,674,10,1,Leather,44.33,Evening
V_Delta,17-08-2024,17:00,5,Cloudy,Waxing Gibbous,26.27,0,671,3,2,Leather,73.39,Evening
V_Alpha,14-07-2024,17:00,6,Cloudy,First Quarter,73.2,0,668,3,4,Denim,73.13,Evening
V_Gamma,15-03-2024,17:00,4,Clear,Waxing Crescent,85.81,0,663,9,2,Leather,71.08,Evening
V_Delta,06-08-2024,17:00,1,Cloudy,New Moon,31.47,0,658,7,5,Spandex,70.24,Evening
V_Gamma,23-03-2024,17:00,5,Clear,Waxing Gibbous,79.3847,0,646,3,2,Denim,68.99,Evening
V_Delta,13-05-2024,17:00,0,Cloudy,Waxing Crescent,32.44,0,629,3,2,Leather,24.72,Evening
V_Alpha,02-06-2024,17:00,6,Clear,Last Quarter,51.2,0,618,3.89,3,Spandex,52.61,Evening
V_Delta,12-07-2024,17:00,4,Rainy,Waxing Crescent,22.22,0,618,11,5,Spandex,76.27,Evening
V_Alpha,08-09-2024,17:00,6,Clear,Waxing Crescent,36.33,0,614,6,1,Leather,70.47,Evening
V_Gamma,04-04-2024,17:00,3,Clear,Last Quarter,0,0,613,9,3,Leather,63.83,Evening
V_Gamma,02-09-2024,17:00,0,Clear,Waning Crescent,105,0,608,7,5,Spandex,97.01,Evening
V_Delta,17-09-2024,17:00,1,Cloudy,Waxing Gibbous,37.27,0,607,7,5,Denim,45.88,Evening
V_Alpha,27-08-2024,17:00,1,Stormy,Last Quarter,74.83,0,606,3,1,Leather,54.78,Evening
V_Delta,12-04-2024,17:00,4,Rainy,New Moon,47.75,0,605,6,1,Denim,42.81,Evening
V_Gamma,28-06-2024,17:00,4,Cloudy,Waning Gibbous,52.56,0,599,9,3,Leather,46.92,Evening
V_Alpha,13-03-2024,17:00,2,Stormy,New Moon,39.08,0,599,4,4,Denim,54.26,Evening
V_Delta,02-04-2024,17:00,1,Cloudy,Last Quarter,31.48,0,597,5,1,Leather,80.4,Evening
V_Gamma,07-04-2024,17:00,6,Clear,Waning Crescent,95.8,0,594,4,3,Leather,78.83,Evening
V_Beta,17-07-2024,17:00,2,Stormy,First Quarter,54.28,0,592,3,5,Leather,42.93,Evening
V_Gamma,24-07-2024,17:00,2,Stormy,Full Moon,0,0,588,8,4,Leather,80.88,Evening
V_Gamma,29-03-2024,17:00,4,Rainy,Waning Gibbous,60.55,0,582,5,4,Spandex,68.44,Evening
V_Alpha,26-07-2024,17:00,4,Cloudy,Waning Gibbous,51.46,0,581,5,2,Leather,72.32,Evening
V_Delta,11-06-2024,17:00,1,Stormy,Waxing Crescent,35.73,0,581,2,5,Denim,37.71,Evening
V_Delta,03-09-2024,17:00,1,Clear,New Moon,41.78,0,577,7,2,Denim,52.66,Evening
V_Gamma,09-09-2024,17:00,0,Stormy,Waxing Crescent,84.52,0,576,4,2,Leather,75.98,Evening
V_Alpha,17-04-2024,17:00,2,Cloudy,First Quarter,56.15,0,571,3,1,Denim,73.89,Evening
V_Delta,26-03-2024,17:00,1,Rainy,Full Moon,50.31,0,570,2,5,Leather,41.52,Evening
V_Alpha,07-09-2024,17:00,5,Clear,Waxing Crescent,30.93,0,570,4,5,Denim,58.63,Evening
V_Delta,15-04-2024,17:00,0,Stormy,Waxing Crescent,23.72,0,569,9,3,Denim,50.41,Evening
V_Delta,05-04-2024,17:00,4,Cloudy,Waning Crescent,38.28,0,562,7,1,Leather,59.03,Evening
V_Alpha,30-04-2024,17:00,1,Stormy,Waning Gibbous,50.77,0,560,3.89,5,Leather,50.45,Evening
V_Alpha,25-07-2024,17:00,3,Clear,Waning Gibbous,37.03,0,559,3.89,3,Leather,6.76,Evening
V_Alpha,26-08-2024,17:00,0,Rainy,Waning Gibbous,74.27,0,556,3,4,Spandex,55.62,Evening
V_Alpha,08-05-2024,17:00,2,Rainy,New Moon,53.58,0,545,3,4,Spandex,56.38,Evening
V_Gamma,05-06-2024,17:00,2,Clear,Waning Crescent,82,0,544,11,5,Spandex,89.5,Evening
V_Alpha,10-06-2024,17:00,0,Stormy,New Moon,69.52,0,536,3.89,3,Spandex,28.88,Evening
V_Delta,09-05-2024,17:00,3,Clear,New Moon,45.11,0,533,4,5,Spandex,69.02,Evening
V_Gamma,21-03-2024,17:00,3,Clear,First Quarter,79.94,0,527,8,1,Spandex,53.37,Evening
V_Alpha,28-03-2024,17:00,3,Cloudy,Full Moon,70.8,0,527,3.89,2,Denim,45.5,Evening
V_Delta,19-08-2024,17:00,0,Clear,Waxing Gibbous,35.55,0,526,6,2,Denim,42.73,Evening
V_Delta,07-05-2024,17:00,1,Stormy,Waning Crescent,42.92,0,524,2,4,Leather,46.87,Evening
V_Gamma,28-05-2024,17:00,1,Rainy,Waning Gibbous,91.04,0,522,1,3,Leather,61.48,Evening
V_Delta,15-05-2024,17:00,2,Rainy,Waxing Crescent,43.35,0,522,10,1,Spandex,63.17,Evening
V_Delta,21-07-2024,17:00,6,Clear,Full Moon,28.11,0,517,8,4,Leather,45.79,Evening
V_Delta,05-09-2024,17:00,3,Cloudy,New Moon,33.42,0,516,6,5,Spandex,35.85,Evening
V_Delta,24-06-2024,17:00,0,Rainy,Full Moon,36.63,0,509,3,3,Leather,35.73,Evening
V_Alpha,03-06-2024,17:00,0,Stormy,Waning Crescent,36.55,0,505,3.89,4,Leather,44.92,Evening
V_Beta,13-06-2024,17:00,3,Stormy,Waxing Crescent,29.36,0,502,11,4,Denim,39.15,Evening
V_Gamma,25-06-2024,17:00,1,Rainy,Waning Gibbous,59.71,0,489,3,5,Denim,76.92,Evening
V_Alpha,08-03-2024,17:00,4,Clear,Waning Crescent,79.79,0,470,3.89,4,Denim,38.83,Evening
V_Delta,07-03-2024,17:00,3,Cloudy,Waning Crescent,48.78,0,470,6,5,Leather,66.71,Evening
V_Delta,16-04-2024,17:00,1,Cloudy,First Quarter,36.79,0,456,10,2,Leather,73.4,Evening
V_Gamma,12-03-2024,17:00,1,Clear,New Moon,97.14,0,443,2,3,Denim,86.61,Evening
V_Alpha,24-05-2024,17:00,4,Stormy,Full Moon,66.89,0,441,4,2,Denim,56.78,Evening
V_Delta,18-06-2024,17:00,1,Clear,Waxing Gibbous,15,0,435,4,3,Spandex,62.79,Evening
V_Delta,22-04-2024,17:00,0,Rainy,Waxing Gibbous,51.13,0,433,11,1,Spandex,73.89,Evening
V_Gamma,11-07-2024,17:00,3,Clear,Waxing Crescent,65.48,0,413,9,5,Leather,85.93,Evening
V_Gamma,22-05-2024,17:00,2,Stormy,Waxing Gibbous,62.16,0,407,3,1,Spandex,63.76,Evening
V_Gamma,29-07-2024,17:00,0,Clear,Last Quarter,75.1713,0,405,4,1,Denim,58.9,Evening
V_Delta,09-07-2024,17:00,1,Clear,New Moon,41.12,0,401,9,4,Leather,52.08,Evening
V_Delta,25-04-2024,17:00,3,Cloudy,Full Moon,29.76,0,399,3,3,Denim,91.79,Evening
V_Alpha,30-08-2024,17:00,4,Cloudy,Last Quarter,39.19,0,391,3.89,5,Spandex,52.78,Evening
V_Alpha,31-05-2024,17:00,4,Cloudy,Last Quarter,51.07,0,390,4,5,Spandex,36.33,Evening
V_Gamma,12-05-2024,17:00,6,Stormy,Waxing Crescent,62.5,0,385,8,5,Denim,80.44,Evening
V_Delta,26-04-2024,17:00,4,Clear,Full Moon,50.82,0,384,10,2,Spandex,78.09,Evening
V_Gamma,05-03-2024,17:00,1,Clear,Last Quarter,54.3052,0,362,11,3,Denim,65.8,Evening
V_Delta,16-07-2024,17:00,1,Cloudy,First Quarter,51.4,0,361,9,1,Leather,57.59,Evening
V_Delta,14-08-2024,17:00,2,Stormy,First Quarter,34.39,0,360,3,4,Denim,48.01,Evening
V_Alpha,22-08-2024,17:00,3,Stormy,Full Moon,48.23,0,355,4,5,Spandex,62.16,Evening
V_Delta,30-05-2024,17:00,3,Stormy,Waning Gibbous,40.52,0,344,4,2,Denim,75.67,Evening
V_Gamma,16-05-2024,17:00,3,Rainy,First Quarter,78.02,0,333,3,4,Denim,82.44,Evening
V_Delta,20-03-2024,17:00,2,Rainy,First Quarter,53.83,0,317,5,2,Leather,49.1,Evening
V_Alpha,19-03-2024,17:00,1,Stormy,First Quarter,39.35,0,312,3.89,3,Denim,15.88,Evening
V_Delta,06-03-2024,17:00,2,Rainy,Last Quarter,32.87,0,308,4,1,Spandex,45.06,Evening
V_Gamma,25-05-2024,17:00,5,Clear,Full Moon,67.35,0,277,5,3,Denim,48.65,Evening
V_Alpha,25-03-2024,17:00,0,Rainy,Full Moon,59.82,0,274,3.89,2,Spandex,21.89,Evening
V_Gamma,23-04-2024,17:00,1,Clear,Waxing Gibbous,79.49,0,272,11,2,Denim,60.91,Evening
V_Gamma,18-04-2024,17:00,3,Stormy,First Quarter,85.79,128.69,250,4,5,Leather,86.24,Evening
V_Gamma,01-06-2024,17:00,5,Stormy,Last Quarter,61.14,0,246,9,4,Denim,61.08,Evening
V_Gamma,25-08-2024,18:00,6,Clear,Waning Gibbous,46.85,0,535,8,2,Denim,39.46,Evening
V_Gamma,31-03-2024,18:00,6,Clear,Waning Gibbous,96.19,0,940,10,4,Leather,82.83,Evening
V_Alpha,12-05-2024,18:00,6,Stormy,Waxing Crescent,80.89,0,861,3.89,5,Leather,59.19,Evening
V_Gamma,28-07-2024,18:00,6,Cloudy,Waning Gibbous,60.5495,0,801,4,2,Denim,61.74,Evening
V_Alpha,02-07-2024,18:00,1,Rainy,Last Quarter,67.9,0,780,1,4,Denim,58.81,Evening
V_Gamma,08-06-2024,18:00,5,Clear,New Moon,61.66,0,768,5,2,Denim,41,Evening
V_Beta,05-10-2024,18:00,4,Cloudy,New Moon,63.9,0,759,8,1,Leather,49.57,Evening
V_Delta,14-09-2024,18:00,5,Stormy,First Quarter,49.25,0,751,7,2,Denim,52.42,Evening
V_Alpha,16-03-2024,18:00,5,Clear,Waxing Crescent,53.93,0,750,6,2,Denim,67.02,Evening
V_Gamma,10-09-2024,18:00,1,Clear,Waxing Crescent,79.7335,0,737,11,2,Leather,70.35,Evening
V_Delta,27-08-2024,18:00,1,Stormy,Last Quarter,15,0,732,1,4,Spandex,42.7,Evening
V_Alpha,22-05-2024,18:00,2,Clear,Waxing Gibbous,34.04,0,722,3,1,Leather,63.12,Evening
V_Gamma,15-04-2024,18:00,0,Clear,Waxing Crescent,0,0,714,1,4,Leather,81.83,Evening
V_Delta,16-05-2024,18:00,3,Clear,First Quarter,40.86,0,706,11,2,Leather,67.27,Evening
V_Delta,10-08-2024,18:00,5,Stormy,Waxing Crescent,46.19,0,696,6,1,Spandex,62.49,Evening
V_Delta,02-04-2024,18:00,1,Clear,Last Quarter,43.59,0,695,10,5,Leather,67.43,Evening
V_Alpha,20-05-2024,18:00,0,Clear,Waxing Gibbous,53.02,0,691,3.89,5,Spandex,68.89,Evening
V_Delta,20-03-2024,18:00,2,Stormy,First Quarter,15,0,691,6,5,Leather,52.58,Evening
V_Alpha,01-08-2024,18:00,3,Stormy,Waning Crescent,71.66,0,682,6,5,Leather,65.36,Evening
V_Gamma,08-07-2024,18:00,0,Stormy,New Moon,73.7616,0,677,9,5,Leather,83.59,Evening
V_Delta,08-09-2024,18:00,6,Stormy,Waxing Crescent,30.65,0,676,10,3,Leather,62.11,Evening
V_Gamma,29-06-2024,18:00,5,Stormy,Last Quarter,52.24,0,675,3,4,Spandex,62.13,Evening
V_Delta,30-04-2024,18:00,1,Stormy,Waning Gibbous,18.58,0,674,4,5,Denim,38.66,Evening
V_Gamma,13-08-2024,18:00,1,Cloudy,First Quarter,0,0,674,2,2,Leather,70.56,Evening
V_Alpha,11-08-2024,18:00,6,Cloudy,Waxing Crescent,56.72,0,669,4,3,Denim,61.19,Evening
V_Delta,11-03-2024,18:00,0,Cloudy,New Moon,40.39,0,663,5,5,Denim,51.5,Evening
V_Gamma,14-04-2024,18:00,6,Cloudy,Waxing Crescent,55.8419,0,659,3,2,Leather,70.97,Evening
V_Gamma,07-04-2024,18:00,6,Cloudy,Waning Crescent,0,0,655,2,2,Leather,79.05,Evening
V_Delta,03-04-2024,18:00,2,Stormy,Last Quarter,35.07,0,651,5,4,Spandex,66.73,Evening
V_Gamma,18-06-2024,18:00,1,Stormy,Waxing Gibbous,80.1586,0,650,4,1,Leather,61.71,Evening
V_Gamma,30-08-2024,18:00,4,Rainy,Last Quarter,71.2206,0,650,9,2,Spandex,80.28,Evening
V_Gamma,26-06-2024,18:00,2,Clear,Waning Gibbous,55.5625,0,648,11,1,Denim,64.62,Evening
V_Alpha,26-05-2024,18:00,6,Clear,Full Moon,35.77,0,648,3.89,2,Denim,34.1,Evening
V_Gamma,14-03-2024,18:00,3,Rainy,Waxing Crescent,71,0,643,11,3,Denim,71.56,Evening
V_Delta,26-08-2024,18:00,0,Rainy,Waning Gibbous,18.73,0,640,1,2,Leather,50.55,Evening
V_Alpha,18-08-2024,18:00,6,Rainy,Waxing Gibbous,47.62,0,635,6,3,Spandex,63.91,Evening
V_Delta,16-09-2024,18:00,0,Clear,Waxing Gibbous,49.65,0,624,6,5,Denim,68.75,Evening
V_Delta,31-07-2024,18:00,2,Stormy,Last Quarter,49.55,0,621,8,2,Denim,76.88,Evening
V_Delta,15-06-2024,18:00,5,Stormy,First Quarter,45.7,0,620,1,2,Denim,50.58,Evening
V_Gamma,18-07-2024,18:00,3,Clear,Waxing Gibbous,77.66,116.49,619,3,4,Denim,68.27,Evening
V_Beta,09-06-2024,18:00,4,Clear,New Moon,61.25,0,619,10,2,Spandex,40.67,Evening
V_Delta,06-08-2024,18:00,1,Rainy,New Moon,40.48,0,617,1,2,Leather,26.48,Evening
V_Alpha,27-06-2024,18:00,3,Stormy,Waning Gibbous,37.98,0,613,1,1,Denim,70.81,Evening
V_Beta,09-09-2024,18:00,0,Clear,Waxing Crescent,75.34,0,604,8,5,Denim,36.44,Evening
V_Alpha,21-07-2024,18:00,6,Clear,Full Moon,70.82,0,604,3.89,3,Denim,67,Evening
V_Gamma,22-04-2024,18:00,0,Stormy,Waxing Gibbous,83.4831,0,598,6,1,Spandex,74.26,Evening
V_Delta,05-06-2024,18:00,2,Stormy,Waning Crescent,44.12,0,593,6,5,Leather,61.57,Evening
V_Alpha,10-06-2024,18:00,0,Rainy,New Moon,59.75,0,587,3.89,3,Leather,27.54,Evening
V_Delta,17-08-2024,18:00,5,Cloudy,Waxing Gibbous,46.67,0,582,4,4,Leather,64.16,Evening
V_Delta,08-03-2024,18:00,4,Rainy,Waning Crescent,32.97,0,576,9,3,Spandex,83.55,Evening
V_Delta,26-03-2024,18:00,1,Clear,Full Moon,40.51,0,574,11,2,Denim,71.16,Evening
V_Gamma,22-03-2024,18:00,4,Rainy,Waxing Gibbous,83.0961,0,572,5,1,Spandex,60.31,Evening
V_Beta,01-07-2024,18:00,0,Stormy,Last Quarter,44.84,0,572,2,2,Leather,56.79,Evening
V_Delta,24-08-2024,18:00,5,Cloudy,Waning Gibbous,36.65,0,572,5,4,Leather,50.66,Evening
V_Gamma,13-09-2024,18:00,4,Stormy,First Quarter,76,0,566,10,2,Spandex,68.18,Evening
V_Delta,20-06-2024,18:00,3,Cloudy,Waxing Gibbous,40.74,0,564,10,3,Leather,73.41,Evening
V_Delta,20-07-2024,18:00,5,Clear,Waxing Gibbous,41.85,0,561,3,5,Leather,31.26,Evening
V_Gamma,27-03-2024,18:00,2,Cloudy,Full Moon,53.3654,0,550,9,3,Leather,68.75,Evening
V_Delta,16-08-2024,18:00,4,Rainy,Waxing Gibbous,24.36,0,550,8,2,Spandex,48.73,Evening
V_Beta,04-02-2024,18:00,1,Rainy,Last Quarter,69.75,0,543,2,2,Denim,48.33,Evening
V_Gamma,17-05-2024,18:00,4,Clear,First Quarter,61.2144,0,539,10,5,Denim,52.25,Evening
V_Delta,09-08-2024,18:00,4,Cloudy,Waxing Crescent,44.97,0,536,3,2,Spandex,88.02,Evening
V_Gamma,30-07-2024,18:00,1,Rainy,Last Quarter,69.7357,0,533,1,3,Spandex,78.95,Evening
V_Gamma,09-04-2024,18:00,1,Clear,New Moon,84.802,0,532,5,5,Leather,68.7,Evening
V_Gamma,07-07-2024,18:00,6,Clear,New Moon,65.87,0,530,9,5,Denim,90.79,Evening
V_Alpha,22-07-2024,18:00,0,Clear,Full Moon,56.36,0,526,1,5,Leather,60.08,Evening
V_Delta,24-06-2024,18:00,0,Stormy,Full Moon,34.01,0,525,6,4,Leather,64.32,Evening
V_Gamma,28-06-2024,18:00,4,Cloudy,Waning Gibbous,75.89,113.84,521,3,1,Leather,43.12,Evening
V_Delta,21-06-2024,18:00,4,Clear,Waxing Gibbous,30.62,0,521,9,1,Denim,69.87,Evening
V_Gamma,28-04-2024,18:00,6,Rainy,Waning Gibbous,87.9348,0,520,4,1,Spandex,62.88,Evening
V_Delta,06-09-2024,18:00,4,Clear,New Moon,44.61,0,516,2,1,Spandex,49.24,Evening
V_Beta,17-04-2024,18:00,2,Clear,First Quarter,59.43,0,511,11,3,Spandex,54.34,Evening
V_Delta,16-04-2024,18:00,1,Rainy,First Quarter,20.47,0,507,5,4,Leather,49.2,Evening
V_Alpha,30-05-2024,18:00,3,Cloudy,Waning Gibbous,39.94,0,504,3.89,1,Denim,35.72,Evening
V_Beta,29-03-2024,18:00,4,Rainy,Waning Gibbous,58.4,0,503,3,1,Leather,30.18,Evening
V_Delta,01-03-2024,18:00,4,Rainy,Waning Gibbous,43.14,0,501,5,5,Spandex,67.88,Evening
V_Alpha,26-04-2024,18:00,4,Stormy,Full Moon,47.86,0,500,3.89,3,Denim,49.93,Evening
V_Delta,29-04-2024,18:00,0,Cloudy,Waning Gibbous,40.51,0,499,9,2,Leather,80.86,Evening
V_Delta,23-03-2024,18:00,5,Rainy,Waxing Gibbous,25.85,0,498,2,4,Spandex,70.59,Evening
V_Delta,05-04-2024,18:00,4,Cloudy,Waning Crescent,23.65,0,485,10,4,Denim,76.31,Evening
V_Delta,01-04-2024,18:00,0,Rainy,Waning Gibbous,60.06,0,483,1,5,Denim,47.79,Evening
V_Delta,19-07-2024,18:00,4,Rainy,Waxing Gibbous,26,0,478,7,1,Denim,47.16,Evening
V_Delta,10-05-2024,18:00,4,Stormy,New Moon,16.98,0,477,4,1,Denim,45.78,Evening
V_Delta,03-06-2024,18:00,0,Clear,Waning Crescent,63.21,0,476,6,4,Denim,38.52,Evening
V_Gamma,23-07-2024,18:00,1,Stormy,Full Moon,55.1431,0,476,8,3,Spandex,56.67,Evening
V_Alpha,18-05-2024,18:00,5,Rainy,First Quarter,49.46,0,476,2,3,Denim,60.88,Evening
V_Delta,24-03-2024,18:00,6,Stormy,Waxing Gibbous,27.61,0,464,8,3,Leather,51.67,Evening
V_Delta,27-07-2024,18:00,5,Clear,Waning Gibbous,37.9,0,452,2,1,Denim,29.43,Evening
V_Delta,06-03-2024,18:00,2,Clear,Last Quarter,57.55,0,444,7,4,Denim,46.16,Evening
V_Gamma,05-03-2024,18:00,1,Rainy,Last Quarter,59.5249,0,442,9,4,Denim,42.37,Evening
V_Delta,21-05-2024,18:00,1,Rainy,Waxing Gibbous,53.54,0,439,8,4,Spandex,64.29,Evening
V_Delta,13-03-2024,18:00,2,Rainy,New Moon,33.99,0,437,5,3,Denim,36.02,Evening
V_Delta,16-06-2024,18:00,6,Cloudy,First Quarter,32.16,0,433,10,2,Leather,56.97,Evening
V_Delta,21-08-2024,18:00,2,Stormy,Full Moon,74.16,0,429,4,2,Denim,35.91,Evening
V_Delta,23-08-2024,18:00,4,Stormy,Waning Gibbous,39.44,0,425,3,3,Denim,53.35,Evening
V_Alpha,25-06-2024,18:00,1,Clear,Waning Gibbous,31.43,0,422,3.89,2,Leather,25.82,Evening
V_Gamma,14-05-2024,18:00,1,Cloudy,Waxing Crescent,78.6871,0,419,3,1,Leather,68.77,Evening
V_Gamma,02-09-2024,18:00,0,Clear,Waning Crescent,72.49,108.73,418,3,3,Leather,79.34,Evening
V_Alpha,07-06-2024,18:00,4,Rainy,New Moon,60.36,0,414,5,2,Denim,46.44,Evening
V_Delta,03-09-2024,18:00,1,Rainy,New Moon,30.73,0,413,9,5,Leather,70.42,Evening
V_Alpha,19-05-2024,18:00,6,Stormy,First Quarter,68.51,0,408,3.89,4,Denim,44.95,Evening
V_Delta,12-09-2024,18:00,3,Stormy,First Quarter,37.3,0,405,1,3,Spandex,37.05,Evening
V_Gamma,17-09-2024,18:00,1,Rainy,Waxing Gibbous,91.09,0,403,11,4,Denim,83.41,Evening
V_Gamma,31-05-2024,18:00,4,Clear,Last Quarter,0,0,388,3,2,Leather,75.25,Evening
V_Gamma,15-08-2024,18:00,3,Clear,First Quarter,0,0,383,6,2,Leather,73.66,Evening
V_Gamma,13-04-2024,18:00,5,Clear,Waxing Crescent,85.58,128.37,382,9,1,Leather,57.35,Evening
V_Delta,18-04-2024,18:00,3,Cloudy,First Quarter,33.59,0,379,10,2,Spandex,74.79,Evening
V_Delta,28-08-2024,18:00,2,Rainy,Last Quarter,41.02,0,378,7,4,Denim,53.42,Evening
V_Alpha,19-03-2024,18:00,1,Cloudy,First Quarter,40.94,0,377,3.89,2,Leather,15.34,Evening
V_Delta,19-04-2024,18:00,4,Clear,First Quarter,43.68,0,365,6,1,Leather,53.83,Evening
V_Delta,02-06-2024,18:00,6,Clear,Last Quarter,59.4,0,363,1,4,Denim,47.3,Evening
V_Delta,03-05-2024,18:00,4,Stormy,Last Quarter,53.61,0,360,3,5,Leather,44.27,Evening
V_Beta,05-07-2024,18:00,1,Rainy,Waning Crescent,44.76,0,339,2,4,Leather,49.76,Evening
V_Gamma,10-07-2024,18:00,2,Cloudy,Waxing Crescent,86.36,0,336,9,1,Spandex,69.65,Evening
V_Alpha,05-08-2024,18:00,0,Rainy,New Moon,72.96,0,323,3.89,3,Leather,20.5,Evening
V_Alpha,15-07-2024,18:00,0,Stormy,First Quarter,54.23,0,314,3.89,3,Leather,17.37,Evening
V_Beta,21-04-2024,18:00,6,Cloudy,Waxing Gibbous,40.3,0,314,10,2,Spandex,48.51,Evening
V_Delta,14-07-2024,18:00,6,Clear,First Quarter,63.53,0,313,7,4,Denim,34.78,Evening
V_Delta,11-06-2024,18:00,1,Cloudy,Waxing Crescent,33.08,0,296,11,5,Denim,76.65,Evening
V_Gamma,14-08-2024,18:00,2,Clear,First Quarter,70.29,0,289,4,3,Spandex,62.64,Evening
V_Delta,04-04-2024,18:00,3,Clear,Last Quarter,30.92,0,286,8,2,Leather,69.96,Evening
V_Delta,12-06-2024,18:00,2,Stormy,Waxing Crescent,23.13,0,246,4,1,Denim,43.22,Evening
V_Alpha,15-05-2024,18:00,2,Cloudy,Waxing Crescent,87.79,0,222,1,3,Denim,67.29,Evening
V_Delta,07-05-2024,18:00,1,Stormy,Waning Crescent,43.14,0,199,8,5,Denim,54.44,Evening
V_Alpha,08-05-2024,18:00,2,Clear,New Moon,76.84,0,197,1,5,Leather,53.28,Evening
V_Alpha,30-03-2024,18:00,5,Stormy,Waning Gibbous,32.6,0,160,3.89,3,Denim,31.5,Evening
V_Delta,04-07-2024,18:00,3,Cloudy,Waning Crescent,53.54,0,100,9,3,Denim,41.25,Evening
V_Gamma,06-07-2024,19:00,5,Clear,New Moon,81.72,0,535,2,2,Leather,71.06,Evening
V_Alpha,05-05-2024,19:00,6,Cloudy,Waning Crescent,48.42,0,535,3,1,Spandex,57.65,Evening
V_Beta,16-06-2024,19:00,6,Rainy,First Quarter,18.76,0,958,11,4,Spandex,64.3,Evening
V_Gamma,29-06-2024,19:00,5,Cloudy,Last Quarter,77.12,0,892,10,3,Spandex,70.99,Evening
V_Delta,19-05-2024,19:00,6,Cloudy,First Quarter,41.47,0,851,10,3,Spandex,63.6,Evening
V_Delta,30-05-2024,19:00,3,Stormy,Waning Gibbous,47.58,0,823,6,4,Denim,15.64,Evening
V_Gamma,14-09-2024,19:00,5,Cloudy,First Quarter,66.7639,0,811,4,4,Leather,85.37,Evening
V_Delta,10-08-2024,19:00,5,Stormy,Waxing Crescent,38.79,0,796,4,3,Denim,44.58,Evening
V_Gamma,04-05-2024,19:00,5,Rainy,Last Quarter,56.63,0,784,11,5,Denim,80.18,Evening
V_Gamma,28-06-2024,19:00,4,Rainy,Waning Gibbous,63.33,0,778,3,1,Denim,39.31,Evening
V_Delta,03-03-2024,19:00,6,Rainy,Last Quarter,58.34,0,766,5,2,Denim,58.1,Evening
V_Alpha,08-06-2024,19:00,5,Clear,New Moon,72.67,0,765,5,4,Denim,82.42,Evening
V_Delta,23-07-2024,19:00,1,Rainy,Full Moon,46.44,0,748,11,1,Denim,77.72,Evening
V_Gamma,22-08-2024,19:00,3,Rainy,Full Moon,76.85,0,746,7,3,Spandex,65.36,Evening
V_Alpha,21-08-2024,19:00,2,Clear,Full Moon,80.86,0,744,6,4,Spandex,60.74,Evening
V_Alpha,16-03-2024,19:00,5,Stormy,Waxing Crescent,60.19,0,735,3.89,2,Denim,59.84,Evening
V_Delta,15-09-2024,19:00,6,Cloudy,Waxing Gibbous,55.55,0,731,6,1,Denim,42.95,Evening
V_Delta,05-07-2024,19:00,4,Clear,Waning Crescent,47.82,0,731,3,3,Denim,43.6,Evening
V_Delta,07-07-2024,19:00,6,Clear,New Moon,45.88,0,727,1,1,Leather,57.15,Evening
V_Delta,23-06-2024,19:00,6,Clear,Full Moon,35.23,0,725,7,4,Denim,64.77,Evening
V_Delta,01-07-2024,19:00,0,Rainy,Last Quarter,26.19,0,721,2,4,Spandex,33.55,Evening
V_Gamma,14-07-2024,19:00,6,Rainy,First Quarter,92.7,0,702,9,3,Spandex,77.79,Evening
V_Delta,04-09-2024,19:00,2,Stormy,New Moon,42.21,0,698,4,1,Leather,43.66,Evening
V_Delta,25-04-2024,19:00,3,Clear,Full Moon,25.56,0,698,5,5,Leather,69,Evening
V_Delta,20-04-2024,19:00,5,Clear,Waxing Gibbous,34.67,0,696,5,2,Leather,77.75,Evening
V_Beta,25-05-2024,19:00,5,Stormy,Full Moon,15,0,693,3,3,Denim,60.91,Evening
V_Beta,03-08-2024,19:00,5,Cloudy,Waning Crescent,52.69,0,692,9,2,Spandex,50.7,Evening
V_Alpha,20-08-2024,19:00,1,Stormy,Full Moon,59.62,0,687,3.89,2,Denim,45.65,Evening
V_Gamma,08-07-2024,19:00,0,Stormy,New Moon,91.996,0,679,2,3,Denim,71.08,Evening
V_Gamma,15-06-2024,19:00,5,Stormy,First Quarter,79.82,0,673,3,5,Denim,80.57,Evening
V_Alpha,07-06-2024,19:00,4,Cloudy,New Moon,45.53,0,671,5,5,Denim,53.11,Evening
V_Alpha,07-04-2024,19:00,6,Cloudy,Waning Crescent,30.11,0,667,1,5,Leather,72.79,Evening
V_Delta,06-03-2024,19:00,2,Rainy,Last Quarter,35.89,0,661,6,2,Denim,34.32,Evening
V_Delta,31-03-2024,19:00,6,Rainy,Waning Gibbous,63.76,0,659,4,2,Spandex,87.27,Evening
V_Alpha,27-04-2024,19:00,5,Clear,Waning Gibbous,57.28,0,659,2,4,Denim,60,Evening
V_Alpha,13-03-2024,19:00,2,Stormy,New Moon,88.16,0,654,3.89,5,Denim,57.15,Evening
V_Gamma,28-07-2024,19:00,6,Rainy,Waning Gibbous,80.69,0,650,9,2,Denim,63.63,Evening
V_Gamma,10-06-2024,19:00,0,Stormy,New Moon,50.1,75.15,650,3,3,Leather,50.13,Evening
V_Delta,18-03-2024,19:00,0,Rainy,First Quarter,15,0,647,4,1,Denim,55.74,Evening
V_Beta,07-08-2024,19:00,0,Stormy,New Moon,36.08,0,641,2,4,Denim,52.47,Evening
V_Delta,01-06-2024,19:00,5,Rainy,Last Quarter,36.62,0,637,11,4,Spandex,71.71,Evening
V_Gamma,28-08-2024,19:00,2,Rainy,Last Quarter,80.19,120.28,624,7,3,Leather,85.47,Evening
V_Gamma,17-03-2024,19:00,6,Rainy,Waxing Crescent,0,0,623,2,3,Denim,77.85,Evening
V_Gamma,02-06-2024,19:00,6,Stormy,Last Quarter,93.1926,0,612,7,2,Leather,79.32,Evening
V_Alpha,29-05-2024,19:00,2,Clear,Waning Gibbous,63.36,0,590,5,1,Spandex,55.18,Evening
V_Alpha,03-05-2024,19:00,4,Rainy,Last Quarter,36.64,0,588,4,1,Denim,69.5,Evening
V_Delta,03-07-2024,19:00,2,Clear,Waning Crescent,47.86,0,584,9,5,Denim,67.09,Evening
V_Alpha,18-05-2024,19:00,5,Stormy,First Quarter,58.9,0,583,3.89,4,Spandex,48.24,Evening
V_Delta,09-06-2024,19:00,6,Cloudy,New Moon,29.78,0,577,2,5,Leather,63.3,Evening
V_Delta,09-03-2024,19:00,5,Rainy,Waning Crescent,31.62,0,573,10,3,Denim,56.14,Evening
V_Gamma,09-09-2024,19:00,0,Clear,Waxing Crescent,66.39,0,571,2,5,Denim,62.03,Evening
V_Gamma,26-05-2024,19:00,6,Rainy,Full Moon,87.26,0,565,9,5,Denim,90.36,Evening
V_Delta,24-06-2024,19:00,0,Stormy,Full Moon,54.8,0,564,11,4,Spandex,84.25,Evening
V_Delta,09-07-2024,19:00,1,Rainy,New Moon,20.93,0,559,3,5,Spandex,31.96,Evening
V_Delta,04-06-2024,19:00,1,Stormy,Waning Crescent,43.14,0,556,10,3,Denim,72.94,Evening
V_Gamma,28-05-2024,19:00,1,Clear,Waning Gibbous,78.2,117.3,550,3,3,Leather,79.79,Evening
V_Delta,23-03-2024,19:00,5,Rainy,Waxing Gibbous,47.18,0,548,1,2,Denim,74.44,Evening
V_Gamma,14-04-2024,19:00,6,Cloudy,Waxing Crescent,79.21,0,547,8,5,Leather,90.41,Evening
V_Delta,21-03-2024,19:00,3,Cloudy,First Quarter,15,0,544,7,5,Denim,29.39,Evening
V_Delta,05-09-2024,19:00,3,Clear,New Moon,36.98,0,540,4,2,Spandex,82.41,Evening
V_Gamma,18-06-2024,19:00,1,Rainy,Waxing Gibbous,54.3,0,538,5,5,Spandex,54.17,Evening
V_Alpha,05-04-2024,19:00,4,Cloudy,Waning Crescent,25.75,0,538,3.89,4,Denim,48.25,Evening
V_Gamma,20-06-2024,19:00,3,Clear,Waxing Gibbous,48.6664,0,533,7,3,Leather,60.18,Evening
V_Delta,16-08-2024,19:00,4,Clear,Waxing Gibbous,34.14,0,527,7,2,Spandex,46.31,Evening
V_Delta,08-04-2024,19:00,0,Clear,Waning Crescent,45.64,0,525,9,5,Denim,47.96,Evening
V_Delta,27-07-2024,19:00,5,Stormy,Waning Gibbous,31.4,0,525,9,1,Spandex,61.85,Evening
V_Gamma,08-09-2024,19:00,6,Rainy,Waxing Crescent,59.1,0,521,8,2,Denim,76.93,Evening
V_Alpha,28-04-2024,19:00,6,Rainy,Waning Gibbous,44.48,0,520,4,2,Leather,52.69,Evening
V_Gamma,11-04-2024,19:00,3,Clear,New Moon,72.53,0,519,3,1,Leather,59.87,Evening
V_Delta,08-08-2024,19:00,3,Rainy,New Moon,31.32,0,518,8,1,Spandex,77.81,Evening
V_Delta,16-09-2024,19:00,0,Rainy,Waxing Gibbous,35.76,0,513,7,3,Leather,54.36,Evening
V_Delta,26-03-2024,19:00,1,Stormy,Full Moon,26.88,0,510,6,2,Denim,57.19,Evening
V_Gamma,09-04-2024,19:00,1,Cloudy,New Moon,0,0,510,1,5,Denim,78.73,Evening
V_Beta,09-12-2024,19:00,3,Rainy,First Quarter,99.03,0,509,2,5,Denim,50.06,Evening
V_Gamma,17-04-2024,19:00,2,Clear,First Quarter,79.77,0,509,4,2,Leather,60.7,Evening
V_Delta,10-07-2024,19:00,2,Clear,Waxing Crescent,26.25,0,509,7,2,Denim,53.15,Evening
V_Gamma,30-06-2024,19:00,6,Stormy,Last Quarter,71.27,0,508,11,1,Denim,73.67,Evening
V_Beta,11-07-2024,19:00,3,Rainy,Waxing Crescent,85.73,0,507,3,5,Spandex,46.98,Evening
V_Alpha,19-06-2024,19:00,2,Cloudy,Waxing Gibbous,49.58,0,507,3.89,2,Leather,39.6,Evening
V_Delta,15-07-2024,19:00,0,Cloudy,First Quarter,25.82,0,504,11,3,Denim,83.99,Evening
V_Gamma,01-04-2024,19:00,0,Stormy,Waning Gibbous,57.28,0,503,9,1,Leather,66.79,Evening
V_Beta,30-08-2024,19:00,4,Stormy,Last Quarter,52.24,0,503,6,4,Denim,40.32,Evening
V_Beta,31-05-2024,19:00,4,Cloudy,Last Quarter,71.94,0,501,11,1,Spandex,57.52,Evening
V_Delta,19-04-2024,19:00,4,Stormy,First Quarter,54.04,0,499,2,1,Leather,38.8,Evening
V_Delta,26-04-2024,19:00,4,Stormy,Full Moon,42.2,0,497,5,4,Leather,30.16,Evening
V_Gamma,01-05-2024,19:00,2,Clear,Last Quarter,77.7875,0,483,1,2,Leather,74.42,Evening
V_Delta,12-07-2024,19:00,4,Cloudy,Waxing Crescent,29.38,0,482,4,1,Leather,43.16,Evening
V_Beta,06-12-2024,19:00,2,Rainy,Waxing Crescent,19.94,0,477,2,5,Leather,28.41,Evening
V_Delta,06-06-2024,19:00,3,Stormy,Waning Crescent,34.51,0,476,7,1,Denim,0,Evening
V_Gamma,23-05-2024,19:00,3,Clear,Full Moon,67.7545,0,473,10,1,Denim,56.12,Evening
V_Delta,13-04-2024,19:00,5,Rainy,Waxing Crescent,56.73,0,471,6,5,Leather,80.78,Evening
V_Delta,21-04-2024,19:00,6,Rainy,Waxing Gibbous,50.09,0,470,2,1,Denim,55.58,Evening
V_Delta,22-07-2024,19:00,0,Rainy,Full Moon,69.68,0,468,1,1,Denim,47.81,Evening
V_Gamma,17-07-2024,19:00,2,Clear,First Quarter,83.91,0,467,6,4,Spandex,68.47,Evening
V_Alpha,30-03-2024,19:00,5,Rainy,Waning Gibbous,55.25,0,467,2,5,Spandex,61.96,Evening
V_Alpha,12-06-2024,19:00,2,Clear,Waxing Crescent,32.89,0,466,3.89,1,Spandex,52.01,Evening
V_Gamma,17-09-2024,19:00,1,Cloudy,Waxing Gibbous,0,0,465,6,1,Denim,71.13,Evening
V_Alpha,27-08-2024,19:00,1,Clear,Last Quarter,68.19,0,459,3.89,4,Spandex,31.18,Evening
V_Alpha,07-03-2024,19:00,3,Rainy,Waning Crescent,32.52,0,448,3.89,4,Denim,53.53,Evening
V_Gamma,22-05-2024,19:00,2,Clear,Waxing Gibbous,58.55,0,441,3,1,Denim,61.85,Evening
V_Gamma,03-06-2024,19:00,0,Cloudy,Waning Crescent,50.68,0,437,11,3,Spandex,54.63,Evening
V_Beta,25-08-2024,19:00,6,Clear,Waning Gibbous,48.33,0,436,5,1,Denim,63.23,Evening
V_Alpha,23-08-2024,19:00,4,Rainy,Waning Gibbous,59.38,0,432,4,3,Leather,57.73,Evening
V_Delta,11-03-2024,19:00,0,Stormy,New Moon,63.97,0,429,8,3,Leather,50.06,Evening
V_Beta,30-04-2024,19:00,1,Clear,Waning Gibbous,24.94,0,429,2,5,Spandex,47.47,Evening
V_Delta,20-07-2024,19:00,5,Stormy,Waxing Gibbous,19.06,0,427,6,3,Spandex,42.95,Evening
V_Alpha,02-04-2024,19:00,1,Cloudy,Last Quarter,63.91,0,426,5,5,Leather,69.61,Evening
V_Gamma,13-07-2024,19:00,5,Stormy,Waxing Crescent,81.17,0,425,8,4,Denim,80.02,Evening
V_Gamma,15-08-2024,19:00,3,Rainy,First Quarter,65,0,421,10,5,Denim,81.01,Evening
V_Delta,01-03-2024,19:00,4,Rainy,Waning Gibbous,47.69,0,414,9,5,Leather,67.5,Evening
V_Alpha,29-03-2024,19:00,4,Stormy,Waning Gibbous,68.91,0,413,3.89,3,Leather,39.99,Evening
V_Gamma,06-08-2024,19:00,1,Stormy,New Moon,77.0763,0,398,10,3,Leather,77.95,Evening
V_Gamma,31-07-2024,19:00,2,Cloudy,Last Quarter,55.57,0,396,11,1,Leather,42.71,Evening
V_Gamma,04-03-2024,19:00,0,Stormy,Last Quarter,75.07,0,394,7,2,Leather,71.79,Evening
V_Delta,28-03-2024,19:00,3,Clear,Full Moon,51.58,0,391,3,3,Spandex,43.09,Evening
V_Delta,25-06-2024,19:00,1,Stormy,Waning Gibbous,56.1,0,388,6,5,Denim,33.04,Evening
V_Delta,26-07-2024,19:00,4,Clear,Waning Gibbous,18.64,0,381,1,3,Leather,39.79,Evening
V_Delta,20-03-2024,19:00,2,Cloudy,First Quarter,65.53,0,373,9,3,Denim,63.74,Evening
V_Gamma,24-07-2024,19:00,2,Cloudy,Full Moon,56,0,371,4,5,Denim,74.21,Evening
V_Delta,15-04-2024,19:00,0,Clear,Waxing Crescent,24.63,0,371,5,4,Leather,50.4,Evening
V_Gamma,15-03-2024,19:00,4,Rainy,Waxing Crescent,67.43,0,364,10,2,Denim,55.65,Evening
V_Gamma,27-05-2024,19:00,0,Stormy,Waning Gibbous,60.713,0,349,8,2,Denim,76.06,Evening
V_Delta,24-04-2024,19:00,2,Cloudy,Full Moon,60.57,0,344,8,3,Denim,53.53,Evening
V_Gamma,06-05-2024,19:00,0,Clear,Waning Crescent,59.24,0,340,7,1,Leather,41.26,Evening
V_Alpha,17-05-2024,19:00,4,Clear,First Quarter,63,0,339,2,2,Leather,57.15,Evening
V_Delta,10-05-2024,19:00,4,Cloudy,New Moon,27.36,0,339,10,5,Denim,73.33,Evening
V_Delta,24-08-2024,19:00,5,Clear,Waning Gibbous,50.49,0,337,6,5,Spandex,68.22,Evening
V_Delta,19-08-2024,19:00,0,Stormy,Waxing Gibbous,31.84,0,330,2,2,Leather,49.49,Evening
V_Gamma,18-04-2024,19:00,3,Stormy,First Quarter,82.1055,0,288,7,5,Spandex,86.31,Evening
V_Gamma,13-06-2024,19:00,3,Clear,Waxing Crescent,63.52,0,272,6,1,Leather,57.28,Evening
V_Beta,25-07-2024,19:00,3,Stormy,Waning Gibbous,52.87,0,270,9,2,Denim,47.81,Evening
V_Delta,12-04-2024,19:00,4,Rainy,New Moon,54.38,0,256,10,2,Spandex,51.05,Evening
V_Gamma,05-03-2024,19:00,1,Clear,Last Quarter,80.64,0,254,3,1,Spandex,56.8,Evening
V_Beta,21-06-2024,19:00,4,Clear,Waxing Gibbous,53.92,0,244,9,3,Denim,47.95,Evening
V_Delta,09-08-2024,19:00,4,Stormy,Waxing Crescent,27.01,0,211,10,5,Leather,54.38,Evening
V_Delta,20-05-2024,19:00,0,Clear,Waxing Gibbous,39.07,0,185,2,4,Leather,23.56,Evening
V_Alpha,22-03-2024,19:00,4,Stormy,Waxing Gibbous,41.18,0,111,6,5,Leather,65.3,Evening
V_Gamma,22-04-2024,19:00,0,Rainy,Waxing Gibbous,53,0,101,11,3,Denim,81.59,Evening
V_Delta,12-03-2024,19:00,1,Clear,New Moon,73.15,0,100,11,5,Leather,50.17,Evening
V_Delta,10-03-2024,19:00,6,Cloudy,New Moon,33.27,0,100,1,3,Leather,55.06,Evening
V_Delta,26-05-2024,20:00,6,Cloudy,Full Moon,19.51,0,535,7,4,Spandex,77.64,Night
V_Gamma,27-04-2024,20:00,5,Stormy,Waning Gibbous,80.62,0,979,10,2,Leather,72.82,Night
V_Delta,15-06-2024,20:00,5,Clear,First Quarter,60.98,0,940,2,2,Denim,38.68,Night
V_Delta,02-03-2024,20:00,5,Stormy,Waning Gibbous,44.28,0,892,9,1,Leather,68.18,Night
V_Beta,16-04-2024,20:00,1,Cloudy,First Quarter,39.33,0,888,1,4,Spandex,60.36,Night
V_Delta,17-08-2024,20:00,5,Cloudy,Waxing Gibbous,30.43,0,863,10,3,Spandex,76.52,Night
V_Delta,08-09-2024,20:00,6,Rainy,Waxing Crescent,31.45,0,847,7,2,Denim,85.76,Night
V_Alpha,13-09-2024,20:00,4,Cloudy,First Quarter,32.09,0,846,5,3,Spandex,63.75,Night
V_Gamma,03-07-2024,20:00,2,Clear,Waning Crescent,54.2,81.3,838,2,2,Spandex,51.06,Night
V_Delta,24-08-2024,20:00,5,Stormy,Waning Gibbous,43.1,0,831,6,1,Leather,83.07,Night
V_Alpha,25-05-2024,20:00,5,Stormy,Full Moon,81.3,0,809,1,5,Denim,56.85,Night
V_Delta,30-03-2024,20:00,5,Rainy,Waning Gibbous,32.01,0,788,9,2,Spandex,71.91,Night
V_Delta,09-08-2024,20:00,4,Cloudy,Waxing Crescent,64.55,0,767,4,4,Leather,59.66,Night
V_Gamma,21-05-2024,20:00,1,Cloudy,Waxing Gibbous,43,0,761,3,1,Leather,36.74,Night
V_Alpha,14-07-2024,20:00,6,Cloudy,First Quarter,80.1,0,745,1,3,Leather,77.87,Night
V_Gamma,29-05-2024,20:00,2,Rainy,Waning Gibbous,69.44,0,724,1,2,Spandex,48.86,Night
V_Delta,24-05-2024,20:00,4,Stormy,Full Moon,36.14,0,724,3,1,Denim,63.05,Night
V_Alpha,23-05-2024,20:00,3,Rainy,Full Moon,55.6,0,719,4,1,Spandex,61.99,Night
V_Delta,07-07-2024,20:00,6,Clear,New Moon,30.51,0,713,9,2,Denim,74.66,Night
V_Delta,10-03-2024,20:00,6,Rainy,New Moon,36.54,0,705,2,1,Leather,36.34,Night
V_Gamma,14-09-2024,20:00,5,Stormy,First Quarter,77.59,0,703,8,2,Leather,69.5,Night
V_Alpha,16-06-2024,20:00,6,Stormy,First Quarter,57.34,0,699,3.89,5,Denim,40.67,Night
V_Alpha,30-07-2024,20:00,1,Clear,Last Quarter,28.32,0,699,3.89,1,Denim,55.21,Night
V_Delta,04-08-2024,20:00,6,Rainy,Waning Crescent,44.55,0,695,5,4,Denim,80.18,Night
V_Delta,12-06-2024,20:00,2,Cloudy,Waxing Crescent,39.6,0,694,7,4,Denim,36.32,Night
V_Alpha,06-05-2024,20:00,0,Stormy,Waning Crescent,49.31,0,693,3.89,5,Leather,54.96,Night
V_Gamma,11-04-2024,20:00,3,Rainy,New Moon,0,0,692,9,5,Leather,89.67,Night
V_Gamma,22-08-2024,20:00,3,Clear,Full Moon,70.42,0,686,5,4,Denim,74.9,Night
V_Alpha,09-07-2024,20:00,1,Stormy,New Moon,30.86,0,683,3.89,1,Denim,44.89,Night
V_Alpha,05-05-2024,20:00,6,Stormy,Waning Crescent,23.24,0,683,3.89,2,Leather,41.35,Night
V_Delta,11-07-2024,20:00,3,Clear,Waxing Crescent,39.93,0,676,7,5,Denim,47.28,Night
V_Delta,04-06-2024,20:00,1,Rainy,Waning Crescent,29.97,0,676,3,4,Spandex,45.69,Night
V_Beta,14-06-2024,20:00,4,Clear,First Quarter,38.64,0,659,2,4,Denim,66.22,Night
V_Gamma,27-07-2024,20:00,5,Clear,Waning Gibbous,63.1063,0,650,7,5,Spandex,81.98,Night
V_Beta,20-07-2024,20:00,5,Stormy,Waxing Gibbous,59.02,0,648,6,3,Spandex,48.8,Night
V_Gamma,22-05-2024,20:00,2,Clear,Waxing Gibbous,91.4946,0,647,7,3,Spandex,76.59,Night
V_Gamma,21-04-2024,20:00,6,Clear,Waxing Gibbous,78.95,0,630,1,2,Denim,69.67,Night
V_Delta,13-07-2024,20:00,5,Stormy,Waxing Crescent,48.96,0,630,6,4,Denim,57.88,Night
V_Delta,09-06-2024,20:00,6,Rainy,New Moon,36.15,0,623,3,1,Spandex,69.37,Night
V_Delta,11-06-2024,20:00,1,Cloudy,Waxing Crescent,34.6,0,614,10,5,Leather,74.5,Night
V_Gamma,24-03-2024,20:00,6,Rainy,Waxing Gibbous,97,0,613,3,1,Denim,57.9,Night
V_Delta,20-04-2024,20:00,5,Stormy,Waxing Gibbous,15,0,609,3,2,Denim,61.17,Night
V_Delta,27-05-2024,20:00,0,Stormy,Waning Gibbous,40.82,0,607,7,2,Denim,47.58,Night
V_Delta,13-04-2024,20:00,5,Rainy,Waxing Crescent,40,0,607,1,3,Spandex,56.8,Night
V_Beta,19-05-2024,20:00,6,Cloudy,First Quarter,79.05,0,598,8,2,Spandex,61.49,Night
V_Delta,11-05-2024,20:00,5,Rainy,New Moon,30.31,0,597,1,3,Denim,46.74,Night
V_Gamma,19-06-2024,20:00,2,Cloudy,Waxing Gibbous,75.9,0,595,2,3,Leather,72.7,Night
V_Alpha,14-04-2024,20:00,6,Clear,Waxing Crescent,63.25,0,594,4,2,Spandex,68.36,Night
V_Delta,01-06-2024,20:00,5,Stormy,Last Quarter,47.29,0,590,6,3,Denim,42.31,Night
V_Gamma,17-07-2024,20:00,2,Cloudy,First Quarter,60.78,0,582,10,2,Denim,60.42,Night
V_Delta,17-06-2024,20:00,0,Rainy,First Quarter,37.69,0,581,4,5,Spandex,53.53,Night
V_Alpha,25-03-2024,20:00,0,Clear,Full Moon,56.04,0,580,3.89,1,Spandex,35.82,Night
V_Delta,10-08-2024,20:00,5,Rainy,Waxing Crescent,47.91,0,579,4,1,Leather,51.84,Night
V_Gamma,24-04-2024,20:00,2,Stormy,Full Moon,49.3268,0,577,11,4,Spandex,54.83,Night
V_Delta,10-05-2024,20:00,4,Rainy,New Moon,46.47,0,577,2,5,Denim,54.58,Night
V_Gamma,14-05-2024,20:00,1,Clear,Waxing Crescent,67.41,101.11,566,6,1,Leather,33.94,Night
V_Beta,09-04-2024,20:00,1,Stormy,New Moon,33.43,0,566,6,5,Spandex,64.41,Night
V_Delta,21-07-2024,20:00,6,Rainy,Full Moon,41.7,0,564,1,3,Leather,60.31,Night
V_Beta,29-04-2024,20:00,0,Cloudy,Waning Gibbous,65.2,0,562,11,1,Denim,48.17,Night
V_Alpha,06-08-2024,20:00,1,Rainy,New Moon,44.39,0,555,3.89,3,Spandex,42.11,Night
V_Beta,07-06-2024,20:00,5,Stormy,New Moon,56.29,0,547,2,3,Denim,57.22,Night
V_Delta,23-07-2024,20:00,1,Cloudy,Full Moon,50.45,0,546,6,5,Leather,41.84,Night
V_Gamma,15-04-2024,20:00,0,Stormy,Waxing Crescent,86.24,0,545,8,1,Spandex,53.73,Night
V_Gamma,16-05-2024,20:00,3,Rainy,First Quarter,48.67,0,545,5,5,Denim,65.06,Night
V_Alpha,05-06-2024,20:00,2,Rainy,Waning Crescent,48.94,0,534,3.89,1,Denim,50.09,Night
V_Delta,22-06-2024,20:00,5,Clear,Full Moon,37.81,0,534,4,3,Leather,44.19,Night
V_Gamma,14-03-2024,20:00,3,Clear,Waxing Crescent,82.0928,0,533,11,3,Denim,86.71,Night
V_Delta,02-09-2024,20:00,0,Cloudy,Waning Crescent,59.88,0,532,3,5,Denim,69.84,Night
V_Delta,06-04-2024,20:00,5,Cloudy,Waning Crescent,42.76,0,530,5,1,Leather,57.16,Night
V_Delta,24-07-2024,20:00,2,Cloudy,Full Moon,53.44,0,528,9,4,Denim,71.53,Night
V_Delta,26-04-2024,20:00,4,Cloudy,Full Moon,47.29,0,527,4,4,Leather,57.24,Night
V_Delta,07-08-2024,20:00,2,Cloudy,New Moon,38.7,0,525,5,1,Denim,46.71,Night
V_Delta,21-06-2024,20:00,4,Rainy,Waxing Gibbous,46.4,0,524,4,5,Spandex,43.9,Night
V_Delta,11-03-2024,20:00,0,Cloudy,New Moon,41.67,0,522,6.31,4,Spandex,18.16,Night
V_Alpha,28-04-2024,20:00,6,Stormy,Waning Gibbous,56.76,0,513,4,5,Denim,60.8,Night
V_Delta,06-09-2024,20:00,4,Cloudy,New Moon,35.29,0,512,10,1,Leather,36.12,Night
V_Delta,13-08-2024,20:00,1,Clear,First Quarter,40.5,0,511,8,1,Leather,55.99,Night
V_Gamma,16-03-2024,20:00,5,Stormy,Waxing Crescent,72.9488,0,510,6,4,Spandex,89.86,Night
V_Gamma,03-08-2024,20:00,5,Clear,Waning Crescent,59.15,88.72,509,4,2,Denim,58.98,Night
V_Beta,25-04-2024,20:00,3,Clear,Full Moon,15,0,508,10,3,Denim,49.16,Night
V_Gamma,30-05-2024,20:00,3,Stormy,Waning Gibbous,70,0,506,5,5,Leather,84.76,Night
V_Gamma,03-05-2024,20:00,4,Stormy,Last Quarter,53.1876,0,504,11,4,Denim,46.18,Night
V_Delta,08-04-2024,20:00,0,Stormy,Waning Crescent,49.69,0,504,3,1,Denim,43.7,Night
V_Beta,08-11-2024,20:00,6,Stormy,Waxing Crescent,45.93,0,503,5,5,Leather,46.17,Night
V_Delta,22-07-2024,20:00,0,Clear,Full Moon,22.4,0,501,8,2,Spandex,73.85,Night
V_Delta,28-08-2024,20:00,2,Rainy,Last Quarter,35.77,0,499,10,1,Denim,42.45,Night
V_Beta,28-05-2024,20:00,1,Stormy,Waning Gibbous,49.48,0,495,11,5,Denim,48.31,Night
V_Beta,08-03-2024,20:00,4,Cloudy,Waning Crescent,48.28,0,495,1,3,Leather,49.97,Night
V_Delta,27-03-2024,20:00,2,Rainy,Full Moon,26.14,0,494,9,5,Spandex,61.36,Night
V_Gamma,02-08-2024,20:00,4,Clear,Waning Crescent,66,0,477,10,2,Denim,61.64,Night
V_Beta,19-08-2024,20:00,0,Stormy,Waxing Gibbous,20.2,0,472,11,2,Denim,37.04,Night
V_Gamma,21-08-2024,20:00,2,Stormy,Full Moon,84.1916,0,470,8,2,Leather,59.4,Night
V_Gamma,04-03-2024,20:00,0,Clear,Last Quarter,56.83,85.25,466,7,4,Leather,53.53,Night
V_Gamma,09-09-2024,20:00,0,Stormy,Waxing Crescent,54.2,0,465,2,1,Leather,48.51,Night
V_Delta,08-05-2024,20:00,2,Stormy,New Moon,45.76,0,459,3,3,Spandex,58.57,Night
V_Gamma,29-08-2024,20:00,3,Stormy,Last Quarter,78.9305,0,455,1,3,Leather,81.66,Night
V_Beta,06-10-2024,20:00,0,Rainy,New Moon,57.95,0,454,4,2,Spandex,53.47,Night
V_Gamma,30-08-2024,20:00,4,Stormy,Last Quarter,83.97,0,453,10,1,Spandex,59.44,Night
V_Delta,04-04-2024,20:00,3,Stormy,Last Quarter,33.4,0,452,4,4,Denim,35.72,Night
V_Delta,01-07-2024,20:00,0,Cloudy,Last Quarter,62.54,0,451,9,1,Leather,63.16,Night
V_Gamma,19-04-2024,20:00,4,Rainy,First Quarter,58.4,0,451,8,1,Denim,23.04,Night
V_Delta,05-09-2024,20:00,3,Rainy,New Moon,55.18,0,451,6,4,Leather,44.41,Night
V_Delta,31-05-2024,20:00,4,Stormy,Last Quarter,22.04,0,444,1,2,Leather,37.92,Night
V_Gamma,25-06-2024,20:00,1,Rainy,Waning Gibbous,79.31,0,441,11,3,Leather,61.55,Night
V_Delta,17-09-2024,20:00,1,Cloudy,Waxing Gibbous,42.49,0,440,7,1,Leather,43.36,Night
V_Delta,12-03-2024,20:00,1,Cloudy,New Moon,37.59,0,439,2,3,Denim,73.76,Night
V_Beta,12-07-2024,20:00,4,Cloudy,Waxing Crescent,15.13,0,434,11,1,Spandex,51.41,Night
V_Beta,18-08-2024,20:00,6,Cloudy,Waxing Gibbous,62.86,0,432,4,4,Denim,61.32,Night
V_Beta,05-07-2024,20:00,4,Clear,Waning Crescent,39.91,0,425,7,5,Denim,57.73,Night
V_Gamma,20-03-2024,20:00,2,Cloudy,First Quarter,61.46,0,397,2,5,Leather,55.21,Night
V_Gamma,04-07-2024,20:00,3,Cloudy,Waning Crescent,48.2854,0,392,1,1,Spandex,65.27,Night
V_Delta,26-03-2024,20:00,1,Rainy,Full Moon,43.35,0,390,3,1,Leather,53.93,Night
V_Delta,24-06-2024,20:00,0,Cloudy,Full Moon,20.73,0,389,6,5,Leather,46.53,Night
V_Gamma,26-07-2024,20:00,4,Rainy,Waning Gibbous,51.41,0,388,10,3,Leather,43.08,Night
V_Gamma,16-09-2024,20:00,0,Rainy,Waxing Gibbous,100.15,0,380,9,4,Leather,85.73,Night
V_Delta,05-08-2024,20:00,0,Rainy,New Moon,33.92,0,372,7,2,Leather,55.19,Night
V_Gamma,18-04-2024,20:00,3,Stormy,First Quarter,82.3595,0,370,11,4,Leather,74.68,Night
V_Delta,09-05-2024,20:00,3,Rainy,New Moon,35.12,0,368,4,1,Spandex,35.48,Night
V_Beta,18-03-2024,20:00,0,Clear,First Quarter,15.68,0,368,9,5,Leather,36.91,Night
V_Delta,05-03-2024,20:00,1,Clear,Last Quarter,51.98,0,363,1,3,Denim,52.71,Night
V_Delta,12-08-2024,20:00,0,Stormy,First Quarter,45.31,0,361,3,1,Leather,45.24,Night
V_Alpha,23-03-2024,20:00,5,Rainy,Waxing Gibbous,53.67,0,359,5,4,Denim,74.06,Night
V_Delta,25-07-2024,20:00,3,Clear,Waning Gibbous,23.5,0,359,9,3,Leather,62.08,Night
V_Delta,29-03-2024,20:00,4,Stormy,Waning Gibbous,33.33,0,353,6,1,Denim,50.48,Night
V_Delta,01-08-2024,20:00,3,Rainy,Waning Crescent,36.46,0,351,6,1,Denim,43.29,Night
V_Gamma,12-05-2024,20:00,6,Cloudy,Waxing Crescent,74.1,0,347,4,4,Denim,85.47,Night
V_Delta,17-04-2024,20:00,2,Clear,First Quarter,26.32,0,346,1,3,Spandex,25.62,Night
V_Alpha,19-07-2024,20:00,4,Stormy,Waxing Gibbous,49,0,341,2,3,Denim,67.72,Night
V_Delta,07-04-2024,20:00,6,Stormy,Waning Crescent,39.48,0,337,4,5,Denim,51.42,Night
V_Gamma,03-04-2024,20:00,2,Cloudy,Last Quarter,70.6647,0,327,2,4,Leather,67.87,Night
V_Alpha,11-09-2024,20:00,2,Cloudy,First Quarter,69.63,0,320,3,4,Denim,67.87,Night
V_Alpha,16-08-2024,20:00,4,Clear,Waxing Gibbous,71.91,0,305,3.89,2,Spandex,34.65,Night
V_Gamma,02-07-2024,20:00,1,Rainy,Last Quarter,66.01,0,305,11,3,Denim,40.71,Night
V_Gamma,31-07-2024,20:00,2,Cloudy,Last Quarter,92.97,0,299,4,1,Leather,75.51,Night
V_Delta,03-06-2024,20:00,0,Clear,Waning Crescent,51.52,0,290,1,1,Denim,56.89,Night
V_Delta,07-05-2024,20:00,1,Stormy,Waning Crescent,30.64,0,274,10,4,Denim,67.14,Night
V_Delta,03-09-2024,20:00,1,Cloudy,New Moon,57.49,0,271,9,5,Denim,33.3,Night
V_Delta,29-06-2024,20:00,5,Clear,Last Quarter,37.68,0,254,8,1,Spandex,53.09,Night
V_Alpha,16-07-2024,20:00,1,Clear,First Quarter,55.92,0,232,1,4,Leather,60.56,Night
V_Delta,06-06-2024,20:00,3,Cloudy,Waning Crescent,41.51,0,215,10,4,Denim,90.12,Night
V_Alpha,06-03-2024,20:00,2,Stormy,Last Quarter,71.1,0,213,2,2,Leather,65.43,Night
V_Alpha,10-07-2024,20:00,2,Stormy,Waxing Crescent,59.83,0,204,3.89,4,Leather,50.83,Night
V_Gamma,15-09-2024,20:00,6,Cloudy,Waxing Gibbous,91.19,136.78,188,4,5,Denim,70.44,Night
V_Alpha,27-06-2024,20:00,3,Clear,Waning Gibbous,47.02,0,176,2,2,Leather,58.6,Night
V_Gamma,21-07-2024,21:00,6,Rainy,Full Moon,57,0,535,9,1,Denim,53.05,Night
V_Delta,24-08-2024,21:00,5,Rainy,Waning Gibbous,34.63,0,999,8,4,Leather,57.17,Night
V_Gamma,21-04-2024,21:00,6,Cloudy,Waxing Gibbous,57.99,0,952,5,5,Leather,74,Night
V_Gamma,06-04-2024,21:00,5,Rainy,Waning Crescent,74,0,885,5,5,Denim,74.66,Night
V_Beta,16-06-2024,21:00,6,Stormy,First Quarter,32.2,0,801,3,3,Spandex,55.43,Night
V_Gamma,11-04-2024,21:00,3,Cloudy,New Moon,61.6839,0,799,7,5,Leather,80.5,Night
V_Gamma,27-07-2024,21:00,5,Cloudy,Waning Gibbous,63.8048,0,795,10,3,Denim,78.62,Night
V_Alpha,17-06-2024,21:00,0,Rainy,First Quarter,49.61,0,795,3.89,5,Leather,38.9,Night
V_Beta,22-04-2024,21:00,0,Stormy,Waxing Gibbous,44.76,0,788,5,4,Leather,58.55,Night
V_Beta,15-09-2024,21:00,6,Cloudy,Waxing Gibbous,51.22,0,787,2,5,Spandex,64.85,Night
V_Delta,11-08-2024,21:00,6,Cloudy,Waxing Crescent,25.15,0,787,5,4,Denim,64.4,Night
V_Gamma,19-05-2024,21:00,6,Clear,First Quarter,51.06,0,759,6,2,Leather,47.71,Night
V_Gamma,22-03-2024,21:00,4,Cloudy,Waxing Gibbous,70.84,0,755,1,5,Denim,91.31,Night
V_Alpha,01-09-2024,21:00,6,Rainy,Waning Crescent,66.68,0,750,3,4,Leather,63.26,Night
V_Gamma,09-06-2024,21:00,6,Rainy,New Moon,48.1584,0,749,6,1,Denim,52.48,Night
V_Delta,20-05-2024,21:00,0,Rainy,Waxing Gibbous,30.21,0,747,1,1,Denim,58.05,Night
V_Gamma,19-08-2024,21:00,0,Stormy,Waxing Gibbous,67,0,739,8,4,Leather,53.57,Night
V_Delta,24-06-2024,21:00,0,Cloudy,Full Moon,25.84,0,735,10,4,Spandex,51.21,Night
V_Alpha,29-07-2024,21:00,0,Clear,Last Quarter,41.59,0,720,3.89,2,Spandex,45.77,Night
V_Delta,10-03-2024,21:00,6,Cloudy,New Moon,38.57,0,718,1,2,Denim,41.58,Night
V_Delta,17-08-2024,21:00,5,Stormy,Waxing Gibbous,50.11,0,714,4,3,Denim,65.44,Night
V_Gamma,25-06-2024,21:00,1,Rainy,Waning Gibbous,0,0,711,1,1,Spandex,62.1,Night
V_Alpha,18-08-2024,21:00,6,Clear,Waxing Gibbous,54.4,0,705,3,2,Denim,59.84,Night
V_Beta,08-08-2024,21:00,3,Clear,New Moon,15,0,705,5,5,Denim,42.35,Night
V_Gamma,20-04-2024,21:00,5,Stormy,Waxing Gibbous,72.62,0,699,1,1,Spandex,63.37,Night
V_Delta,08-09-2024,21:00,6,Cloudy,Waxing Crescent,28.34,0,697,2,5,Leather,75.05,Night
V_Alpha,07-09-2024,21:00,5,Stormy,Waxing Crescent,41.83,0,688,2,5,Leather,60.43,Night
V_Beta,04-07-2024,21:00,6,Rainy,Waning Crescent,49.38,0,682,1,1,Denim,80.23,Night
V_Delta,21-06-2024,21:00,4,Clear,Waxing Gibbous,48.37,0,677,2,5,Spandex,64.06,Night
V_Delta,24-03-2024,21:00,6,Cloudy,Waxing Gibbous,51.4,0,676,11,5,Spandex,60.38,Night
V_Gamma,17-04-2024,21:00,2,Rainy,First Quarter,80.27,0,663,9,3,Denim,77.15,Night
V_Gamma,27-04-2024,21:00,5,Stormy,Waning Gibbous,62.76,0,650,7,4,Spandex,71.27,Night
V_Beta,14-06-2024,21:00,4,Rainy,First Quarter,43.18,0,648,5,3,Leather,39.37,Night
V_Delta,31-05-2024,21:00,4,Stormy,Last Quarter,33.15,0,644,8,5,Leather,65.87,Night
V_Beta,21-08-2024,21:00,2,Cloudy,Full Moon,42.81,0,641,9,1,Denim,48.22,Night
V_Beta,11-07-2024,21:00,3,Stormy,Waxing Crescent,56.05,0,624,4,1,Leather,46.15,Night
V_Alpha,25-07-2024,21:00,3,Cloudy,Waning Gibbous,59.36,0,623,2,3,Spandex,55.53,Night
V_Delta,12-07-2024,21:00,4,Clear,Waxing Crescent,55.16,0,621,4,3,Leather,48.76,Night
V_Delta,17-03-2024,21:00,6,Rainy,Waxing Crescent,31.46,0,618,7,5,Denim,53.58,Night
V_Alpha,17-07-2024,21:00,2,Rainy,First Quarter,50.02,0,617,3.89,3,Leather,47.62,Night
V_Delta,05-07-2024,21:00,4,Cloudy,Waning Crescent,45.75,0,608,7,2,Denim,0,Night
V_Alpha,03-03-2024,21:00,6,Stormy,Last Quarter,32.16,0,607,6,1,Leather,66.73,Night
V_Beta,31-08-2024,21:00,5,Stormy,Waning Crescent,48.72,0,594,3,3,Spandex,73.23,Night
V_Gamma,28-04-2024,21:00,6,Stormy,Waning Gibbous,83.63,125.44,590,10,1,Leather,51.18,Night
V_Gamma,16-04-2024,21:00,1,Cloudy,First Quarter,48.29,0,585,1,1,Spandex,44.46,Night
V_Delta,07-05-2024,21:00,1,Stormy,Waning Crescent,36.51,0,582,7,4,Leather,57.84,Night
V_Delta,19-07-2024,21:00,4,Cloudy,Waxing Gibbous,40.35,0,577,11,3,Leather,59.73,Night
V_Alpha,14-05-2024,21:00,1,Clear,Waxing Crescent,55.92,0,567,3.89,3,Spandex,21.11,Night
V_Beta,11-03-2024,21:00,0,Stormy,New Moon,72.77,0,563,7,1,Denim,48.94,Night
V_Delta,13-05-2024,21:00,0,Stormy,Waxing Crescent,34.15,0,560,7,5,Leather,52.54,Night
V_Beta,07-03-2024,21:00,3,Stormy,Waning Crescent,62.46,0,555,10,2,Denim,45.04,Night
V_Gamma,28-08-2024,21:00,2,Rainy,Last Quarter,59.0998,0,549,10,1,Spandex,38.9,Night
V_Delta,25-05-2024,21:00,5,Rainy,Full Moon,44.72,0,549,7,5,Spandex,56.07,Night
V_Alpha,23-06-2024,21:00,6,Rainy,Full Moon,57.01,0,547,3.89,1,Denim,46,Night
V_Delta,15-05-2024,21:00,2,Clear,Waxing Crescent,41.31,0,544,5,2,Denim,71.18,Night
V_Gamma,06-06-2024,21:00,3,Stormy,Waning Crescent,83.92,125.88,540,6,2,Denim,71.76,Night
V_Beta,30-04-2024,21:00,1,Rainy,Waning Gibbous,61.98,0,538,4,3,Leather,43.69,Night
V_Delta,05-04-2024,21:00,4,Rainy,Waning Crescent,48.6,0,526,11,3,Leather,70.45,Night
V_Delta,03-05-2024,21:00,4,Stormy,Last Quarter,54.53,0,525,3,4,Leather,53.06,Night
V_Delta,13-03-2024,21:00,2,Stormy,New Moon,41.41,0,522,3,5,Leather,42.54,Night
V_Beta,05-06-2024,21:00,2,Cloudy,Waning Crescent,60.04,0,519,9,3,Leather,52.2,Night
V_Beta,09-05-2024,21:00,3,Clear,New Moon,52.31,0,518,7,2,Leather,61.04,Night
V_Delta,06-08-2024,21:00,1,Clear,New Moon,44.43,0,518,1,3,Leather,45.6,Night
V_Alpha,25-03-2024,21:00,0,Rainy,Full Moon,23.5,0,518,4,5,Denim,73.63,Night
V_Gamma,15-07-2024,21:00,0,Stormy,First Quarter,51.5239,0,516,1,4,Denim,83.17,Night
V_Delta,17-05-2024,21:00,4,Rainy,First Quarter,37.48,0,511,8,3,Spandex,70.82,Night
V_Delta,30-05-2024,21:00,3,Clear,Waning Gibbous,51.83,0,508,9,5,Leather,55,Night
V_Gamma,10-04-2024,21:00,2,Clear,New Moon,89.18,0,506,2,4,Denim,93.59,Night
V_Gamma,29-03-2024,21:00,4,Stormy,Waning Gibbous,54.33,81.5,498,11,4,Leather,57.14,Night
V_Alpha,31-03-2024,21:00,6,Rainy,Waning Gibbous,78.05,0,496,3,2,Denim,53.71,Night
V_Delta,26-04-2024,21:00,4,Stormy,Full Moon,46.64,0,494,3,5,Leather,30.22,Night
V_Gamma,26-03-2024,21:00,1,Stormy,Full Moon,82.9945,0,492,1,2,Leather,71.77,Night
V_Alpha,22-07-2024,21:00,0,Rainy,Full Moon,50.85,0,484,3.89,4,Leather,50.33,Night
V_Alpha,18-03-2024,21:00,0,Clear,First Quarter,53.09,0,469,1,4,Denim,64.22,Night
V_Delta,08-04-2024,21:00,0,Clear,Waning Crescent,49.93,0,467,11,1,Denim,61.83,Night
V_Gamma,23-08-2024,21:00,4,Stormy,Waning Gibbous,57.3151,0,465,8,2,Leather,51.16,Night
V_Gamma,24-05-2024,21:00,4,Rainy,Full Moon,83.9978,0,464,10,4,Spandex,71.12,Night
V_Gamma,14-04-2024,21:00,6,Cloudy,Waxing Crescent,31.7,0,460,11,5,Denim,56.18,Night
V_Alpha,09-08-2024,21:00,4,Rainy,Waxing Crescent,78.09,0,456,3.89,4,Spandex,1.69,Night
V_Delta,04-06-2024,21:00,1,Cloudy,Waning Crescent,53.27,0,455,11,1,Leather,90.58,Night
V_Delta,30-07-2024,21:00,1,Stormy,Last Quarter,69.56,0,454,10,3,Denim,75.04,Night
V_Delta,04-03-2024,21:00,0,Cloudy,Last Quarter,33.78,0,454,1,5,Denim,27.4,Night
V_Delta,26-06-2024,21:00,2,Stormy,Waning Gibbous,49.95,0,448,7,5,Denim,43.4,Night
V_Delta,24-07-2024,21:00,2,Rainy,Full Moon,42.62,0,446,4,2,Denim,58.02,Night
V_Delta,27-06-2024,21:00,3,Rainy,Waning Gibbous,53.13,0,439,3,4,Leather,39.68,Night
V_Delta,06-05-2024,21:00,0,Clear,Waning Crescent,50.74,0,437,11,4,Leather,71.1,Night
V_Beta,26-07-2024,21:00,4,Cloudy,Waning Gibbous,69.82,0,434,1,5,Spandex,42.08,Night
V_Delta,05-08-2024,21:00,0,Clear,New Moon,34,0,431,1,5,Denim,82.56,Night
V_Gamma,06-03-2024,21:00,2,Cloudy,Last Quarter,82.3,0,426,7,1,Denim,67.22,Night
V_Alpha,07-04-2024,21:00,6,Cloudy,Waning Crescent,62.59,0,426,5,5,Spandex,55.2,Night
V_Delta,08-03-2024,21:00,4,Stormy,Waning Crescent,33.65,0,426,10,2,Leather,36.46,Night
V_Alpha,15-08-2024,21:00,3,Cloudy,First Quarter,72.75,0,423,3.89,4,Spandex,45.11,Night
V_Delta,30-06-2024,21:00,6,Stormy,Last Quarter,52.27,0,421,11,1,Spandex,42.49,Night
V_Delta,16-08-2024,21:00,4,Clear,Waxing Gibbous,48.65,0,418,8,1,Denim,46.24,Night
V_Gamma,13-04-2024,21:00,5,Rainy,Waxing Crescent,65.77,0,406,11,5,Leather,85.57,Night
V_Delta,18-05-2024,21:00,5,Cloudy,First Quarter,40.45,0,399,6,4,Denim,51.99,Night
V_Alpha,13-08-2024,21:00,1,Clear,First Quarter,60.66,0,390,3.89,1,Denim,13.02,Night
V_Alpha,10-08-2024,21:00,5,Rainy,Waxing Crescent,40.08,0,390,3.89,3,Spandex,36.04,Night
V_Gamma,18-04-2024,21:00,3,Cloudy,First Quarter,74.5015,0,389,10,2,Leather,65.6,Night
V_Alpha,10-06-2024,21:00,0,Rainy,New Moon,24.04,0,388,2,1,Denim,51.21,Night
V_Gamma,27-08-2024,21:00,1,Rainy,Last Quarter,71.5476,0,387,2,1,Leather,41.93,Night
V_Delta,20-03-2024,21:00,2,Stormy,First Quarter,27.9,0,386,3,2,Denim,35.65,Night
V_Gamma,07-06-2024,21:00,4,Cloudy,New Moon,73.8251,0,379,4,4,Leather,56.14,Night
V_Delta,08-07-2024,21:00,0,Clear,New Moon,25.24,0,379,2,5,Leather,33.94,Night
V_Beta,02-04-2024,21:00,1,Rainy,Last Quarter,21,0,376,8,1,Spandex,66.02,Night
V_Gamma,01-05-2024,21:00,2,Cloudy,Last Quarter,50.81,76.22,374,11,1,Denim,25.94,Night
V_Delta,29-08-2024,21:00,3,Stormy,Last Quarter,51.12,0,371,11,4,Leather,43.71,Night
V_Delta,15-03-2024,21:00,4,Stormy,Waxing Crescent,34.04,0,359,5,5,Leather,51.81,Night
V_Beta,04-04-2024,21:00,3,Clear,Last Quarter,55.37,0,358,11,5,Leather,49.58,Night
V_Beta,05-03-2024,21:00,4,Cloudy,Last Quarter,63.42,0,347,5,5,Leather,56.27,Night
V_Gamma,13-09-2024,21:00,4,Clear,First Quarter,79.39,0,339,1,2,Spandex,76.18,Night
V_Gamma,10-07-2024,21:00,2,Cloudy,Waxing Crescent,0,0,338,10,1,Spandex,65.44,Night
V_Delta,12-04-2024,21:00,4,Stormy,New Moon,28.24,0,336,8,3,Spandex,72.06,Night
V_Alpha,01-08-2024,21:00,3,Clear,Waning Crescent,61.94,0,331,3.89,3,Leather,44.86,Night
V_Beta,01-07-2024,21:00,0,Clear,Last Quarter,59.53,0,320,8,1,Leather,51.2,Night
V_Gamma,31-07-2024,21:00,2,Rainy,Last Quarter,73.5,0,318,9,2,Denim,68.35,Night
V_Gamma,02-09-2024,21:00,0,Stormy,Waning Crescent,40.4499,0,318,5,5,Leather,68.31,Night
V_Alpha,28-03-2024,21:00,3,Cloudy,Full Moon,67.57,0,316,3.89,2,Leather,42.22,Night
V_Alpha,02-05-2024,21:00,3,Cloudy,Last Quarter,33.64,0,315,1,4,Denim,59.19,Night
V_Beta,19-03-2024,21:00,1,Stormy,First Quarter,42.38,0,313,8,2,Spandex,51.01,Night
V_Delta,02-07-2024,21:00,1,Stormy,Last Quarter,38.98,0,313,8,2,Denim,46.32,Night
V_Delta,04-09-2024,21:00,2,Cloudy,New Moon,31.63,0,297,3,1,Leather,45.36,Night
V_Alpha,09-04-2024,21:00,1,Stormy,New Moon,69.34,0,270,5,3,Spandex,57.78,Night
V_Beta,10-05-2024,21:00,4,Stormy,New Moon,57.43,0,247,6,4,Spandex,52.3,Night
V_Beta,03-06-2024,21:00,0,Clear,Waning Crescent,69.68,0,242,3,3,Leather,63.21,Night
V_Beta,22-08-2024,21:00,3,Cloudy,Full Moon,31.06,0,224,6,3,Leather,52.56,Night
V_Delta,03-09-2024,21:00,1,Clear,New Moon,50.23,0,212,1,2,Spandex,51.26,Night
V_Beta,30-08-2024,21:00,4,Cloudy,Last Quarter,29.51,0,204,11,4,Spandex,64.92,Night
V_Delta,16-05-2024,21:00,3,Cloudy,First Quarter,53.24,0,121,3,2,Spandex,58.47,Night
V_Beta,19-05-2024,22:00,6,Stormy,First Quarter,27.77,0,838,9,1,Leather,59.16,Night
V_Beta,18-06-2024,22:00,1,Stormy,Waxing Gibbous,98.13,0,830,7,4,Spandex,50.9,Night
V_Gamma,14-04-2024,22:00,6,Cloudy,Waxing Crescent,70.47,0,827,9,5,Leather,86.95,Night
V_Beta,09-08-2024,22:00,6,Rainy,Waxing Crescent,45.55,0,809,9,3,Spandex,63.4,Night
V_Gamma,15-09-2024,22:00,6,Rainy,Waxing Gibbous,0,0,806,5,4,Denim,65.4,Night
V_Delta,29-06-2024,22:00,5,Cloudy,Last Quarter,35.96,0,805,1,4,Denim,59.74,Night
V_Alpha,05-04-2024,22:00,4,Cloudy,Waning Crescent,55.35,0,804,3.89,2,Spandex,30.79,Night
V_Gamma,17-08-2024,22:00,5,Rainy,Waxing Gibbous,0,0,776,5,3,Denim,47.15,Night
V_Alpha,25-08-2024,22:00,6,Cloudy,Waning Gibbous,42.64,0,767,3.89,1,Denim,29.63,Night
V_Beta,21-04-2024,22:00,6,Cloudy,Waxing Gibbous,62.58,0,750,3,4,Leather,49.01,Night
V_Gamma,11-07-2024,22:00,3,Stormy,Waxing Crescent,0,0,742,5,1,Leather,52.32,Night
V_Gamma,26-08-2024,22:00,0,Stormy,Waning Gibbous,85.96,0,735,4,5,Spandex,98.94,Night
V_Delta,07-07-2024,22:00,6,Clear,New Moon,25.54,0,719,4,5,Leather,76.08,Night
V_Gamma,13-04-2024,22:00,5,Stormy,Waxing Crescent,61.61,0,717,5,2,Denim,61.1,Night
V_Delta,16-05-2024,22:00,3,Cloudy,First Quarter,31.95,0,708,10,4,Spandex,46.57,Night
V_Delta,10-07-2024,22:00,2,Cloudy,Waxing Crescent,46.57,0,704,8,4,Leather,57.13,Night
V_Alpha,29-05-2024,22:00,2,Clear,Waning Gibbous,77.61,0,702,3.89,3,Leather,31.34,Night
V_Alpha,16-07-2024,22:00,1,Cloudy,First Quarter,56.76,0,698,4,3,Denim,49.79,Night
V_Beta,04-11-2024,22:00,3,Clear,New Moon,32.6,0,698,3,4,Denim,48.58,Night
V_Beta,12-08-2024,22:00,0,Stormy,First Quarter,43.35,0,697,7,4,Leather,35.53,Night
V_Gamma,02-09-2024,22:00,0,Cloudy,Waning Crescent,52,0,686,4,4,Spandex,56.67,Night
V_Gamma,16-03-2024,22:00,5,Rainy,Waxing Crescent,0,0,674,11,4,Spandex,85.06,Night
V_Delta,26-06-2024,22:00,2,Rainy,Waning Gibbous,56,0,671,5,5,Denim,51.84,Night
V_Gamma,28-07-2024,22:00,6,Cloudy,Waning Gibbous,56.71,0,650,7,5,Denim,79.18,Night
V_Alpha,10-05-2024,22:00,4,Stormy,New Moon,40.38,0,649,2,4,Denim,66.04,Night
V_Delta,01-08-2024,22:00,3,Cloudy,Waning Crescent,48.01,0,647,10,1,Spandex,48.12,Night
V_Gamma,14-07-2024,22:00,6,Rainy,First Quarter,60.85,0,632,11,1,Spandex,71.56,Night
V_Alpha,18-05-2024,22:00,5,Cloudy,First Quarter,55.4,0,626,5,5,Leather,76.79,Night
V_Beta,07-02-2024,22:00,1,Stormy,Last Quarter,47.58,0,624,8,1,Denim,40.66,Night
V_Delta,30-03-2024,22:00,5,Stormy,Waning Gibbous,37.37,0,623,7,3,Denim,52.47,Night
V_Beta,13-09-2024,22:00,4,Stormy,First Quarter,28.29,0,621,1,1,Leather,56.35,Night
V_Delta,23-06-2024,22:00,6,Stormy,Full Moon,29.58,0,619,11,2,Leather,77.03,Night
V_Alpha,03-09-2024,22:00,1,Rainy,New Moon,50.98,0,611,4,1,Leather,56.59,Night
V_Alpha,02-03-2024,22:00,5,Clear,Waning Gibbous,54.76,0,606,5,1,Spandex,59.17,Night
V_Gamma,08-08-2024,22:00,3,Clear,New Moon,71.43,0,601,9,3,Leather,74.72,Night
V_Gamma,04-04-2024,22:00,3,Stormy,Last Quarter,68.75,0,600,11,3,Denim,90.08,Night
V_Gamma,10-09-2024,22:00,1,Clear,Waxing Crescent,62.2554,0,598,9,2,Denim,66.89,Night
V_Delta,06-05-2024,22:00,0,Rainy,Waning Crescent,48.22,0,598,6,2,Leather,77.44,Night
V_Delta,19-03-2024,22:00,1,Rainy,First Quarter,48.39,0,595,2,3,Denim,48.97,Night
V_Delta,01-09-2024,22:00,6,Clear,Waning Crescent,47.6,0,592,6,4,Denim,53.2,Night
V_Gamma,20-05-2024,22:00,0,Cloudy,Waxing Gibbous,64.96,0,590,7,3,Leather,76,Night
V_Beta,08-06-2024,22:00,5,Cloudy,New Moon,15.22,0,586,10,4,Leather,89.5,Night
V_Delta,12-06-2024,22:00,2,Stormy,Waxing Crescent,43.68,0,581,10,1,Leather,46,Night
V_Alpha,01-04-2024,22:00,0,Stormy,Waning Gibbous,68.64,0,579,5,4,Denim,60.74,Night
V_Beta,25-04-2024,22:00,3,Cloudy,Full Moon,65.09,0,572,4,1,Spandex,56.86,Night
V_Delta,18-03-2024,22:00,0,Clear,First Quarter,45.19,0,570,3,1,Leather,56.14,Night
V_Beta,03-10-2024,22:00,6,Stormy,New Moon,35.18,0,565,9,3,Spandex,56.46,Night
V_Gamma,24-03-2024,22:00,6,Clear,Waxing Gibbous,0,0,564,9,2,Denim,52.5,Night
V_Beta,03-04-2024,22:00,0,Rainy,Last Quarter,43.26,0,563,6,3,Spandex,42.54,Night
V_Gamma,25-05-2024,22:00,5,Rainy,Full Moon,15,0,555,8,4,Leather,51.07,Night
V_Gamma,07-05-2024,22:00,1,Clear,Waning Crescent,50.7,0,550,8,1,Leather,43.61,Night
V_Gamma,17-07-2024,22:00,2,Rainy,First Quarter,60.7457,0,548,7,5,Denim,80.68,Night
V_Beta,29-03-2024,22:00,4,Rainy,Waning Gibbous,36.46,0,544,11,1,Denim,54.85,Night
V_Delta,12-07-2024,22:00,4,Clear,Waxing Crescent,15,0,544,7,3,Spandex,57.89,Night
V_Alpha,14-09-2024,22:00,5,Rainy,First Quarter,74.2,0,535,3.89,3,Spandex,39.98,Night
V_Beta,14-05-2024,22:00,1,Rainy,Waxing Crescent,41.96,0,533,1,3,Denim,65.14,Night
V_Delta,06-04-2024,22:00,5,Rainy,Waning Crescent,33.47,0,530,6,1,Leather,33.96,Night
V_Delta,27-08-2024,22:00,1,Rainy,Last Quarter,33.12,0,527,5,3,Denim,41.12,Night
V_Delta,21-05-2024,22:00,1,Clear,Waxing Gibbous,26.79,0,527,6,1,Leather,40.05,Night
V_Beta,17-05-2024,22:00,4,Cloudy,First Quarter,55.91,0,526,3,2,Denim,48.98,Night
V_Gamma,11-06-2024,22:00,1,Rainy,Waxing Crescent,73.21,0,525,5,1,Denim,62.53,Night
V_Delta,01-05-2024,22:00,2,Stormy,Last Quarter,54.98,0,525,10,2,Denim,66.56,Night
V_Delta,15-07-2024,22:00,0,Cloudy,First Quarter,29.52,0,525,4,5,Leather,46.59,Night
V_Gamma,18-04-2024,22:00,3,Clear,First Quarter,93.2688,0,524,1,1,Leather,71.82,Night
V_Gamma,20-04-2024,22:00,5,Cloudy,Waxing Gibbous,75.28,0,523,11,5,Leather,87.73,Night
V_Delta,14-06-2024,22:00,4,Clear,First Quarter,44.06,0,522,6,4,Leather,42.8,Night
V_Delta,13-08-2024,22:00,1,Clear,First Quarter,34.88,0,520,6,5,Spandex,43.58,Night
V_Delta,25-03-2024,22:00,0,Cloudy,Full Moon,33.36,0,516,7,3,Denim,49.89,Night
V_Alpha,23-07-2024,22:00,1,Stormy,Full Moon,50.78,0,515,3.89,1,Denim,18.6,Night
V_Alpha,02-04-2024,22:00,1,Stormy,Last Quarter,57.88,0,504,3.89,1,Leather,35.84,Night
V_Alpha,08-05-2024,22:00,2,Clear,New Moon,62.45,0,503,3.89,5,Leather,25.54,Night
V_Beta,01-03-2024,22:00,4,Cloudy,Waning Gibbous,71.48,0,492,1,4,Spandex,55.48,Night
V_Alpha,19-04-2024,22:00,4,Stormy,First Quarter,72.34,0,482,2,2,Leather,86.67,Night
V_Beta,24-04-2024,22:00,2,Cloudy,Full Moon,23.47,0,481,1,3,Leather,60.85,Night
V_Alpha,09-09-2024,22:00,0,Rainy,Waxing Crescent,60.2,0,479,4,3,Leather,54.43,Night
V_Gamma,04-05-2024,22:00,5,Stormy,Last Quarter,59.3178,0,471,4,1,Spandex,42.97,Night
V_Delta,09-05-2024,22:00,3,Stormy,New Moon,52.55,0,469,7,4,Denim,56.28,Night
V_Gamma,27-04-2024,22:00,5,Clear,Waning Gibbous,93.6117,0,467,5,5,Denim,100,Night
V_Gamma,22-07-2024,22:00,0,Stormy,Full Moon,66.53,0,467,10,5,Denim,83.51,Night
V_Beta,16-09-2024,22:00,0,Clear,Waxing Gibbous,47.57,0,466,2,3,Leather,36.53,Night
V_Delta,30-06-2024,22:00,6,Cloudy,Last Quarter,48.74,0,465,11,2,Spandex,54.32,Night
V_Alpha,28-06-2024,22:00,4,Rainy,Waning Gibbous,43.21,0,465,5,5,Denim,74.72,Night
V_Gamma,15-08-2024,22:00,3,Stormy,First Quarter,69.8,0,463,10,4,Spandex,74.54,Night
V_Beta,23-03-2024,22:00,5,Stormy,Waxing Gibbous,60.23,0,463,7,5,Spandex,66.35,Night
V_Alpha,03-07-2024,22:00,2,Stormy,Waning Crescent,46.39,0,462,3.89,4,Denim,37.28,Night
V_Alpha,22-06-2024,22:00,5,Clear,Full Moon,72.28,0,458,5,1,Spandex,76.04,Night
V_Beta,27-03-2024,22:00,2,Rainy,Full Moon,37.6,0,457,4,2,Denim,49.84,Night
V_Delta,06-08-2024,22:00,1,Cloudy,New Moon,19.22,0,457,8,1,Leather,52.2,Night
V_Beta,02-05-2024,22:00,3,Clear,Last Quarter,15,0,457,10,4,Denim,58.47,Night
V_Delta,25-06-2024,22:00,1,Stormy,Waning Gibbous,31.06,0,450,10,1,Spandex,56.82,Night
V_Delta,05-07-2024,22:00,4,Clear,Waning Crescent,45.34,0,448,2,2,Spandex,67.95,Night
V_Delta,12-03-2024,22:00,1,Rainy,New Moon,61.68,0,447,7,3,Leather,66.3,Night
V_Gamma,19-06-2024,22:00,2,Cloudy,Waxing Gibbous,78.78,0,445,4,5,Leather,86.19,Night
V_Delta,19-07-2024,22:00,4,Stormy,Waxing Gibbous,52.34,0,441,1,1,Leather,51.45,Night
V_Delta,12-04-2024,22:00,4,Clear,New Moon,26.04,0,437,2,5,Denim,53.66,Night
V_Beta,15-04-2024,22:00,0,Clear,Waxing Crescent,28.21,0,418,1,2,Denim,52.06,Night
V_Delta,27-05-2024,22:00,0,Rainy,Waning Gibbous,56.01,0,417,6.31,4,Leather,37.9,Night
V_Delta,17-04-2024,22:00,2,Cloudy,First Quarter,55.78,0,414,10,1,Denim,70.11,Night
V_Delta,03-06-2024,22:00,0,Cloudy,Waning Crescent,30.96,0,414,8,3,Leather,52.72,Night
V_Alpha,08-09-2024,22:00,6,Cloudy,Waxing Crescent,53.08,0,411,3,2,Leather,68.01,Night
V_Delta,17-03-2024,22:00,6,Stormy,Waxing Crescent,52.81,0,409,9,3,Spandex,45.9,Night
V_Delta,06-07-2024,22:00,5,Stormy,New Moon,42.29,0,409,1,4,Spandex,41.17,Night
V_Delta,21-06-2024,22:00,4,Clear,Waxing Gibbous,29.55,0,409,11,5,Leather,64.79,Night
V_Delta,14-03-2024,22:00,3,Clear,Waxing Crescent,46.86,0,407,4,2,Leather,43.57,Night
V_Beta,07-12-2024,22:00,4,Stormy,Waxing Crescent,45,0,398,7,3,Denim,32.22,Night
V_Gamma,10-03-2024,22:00,6,Cloudy,New Moon,95.27,0,393,11,2,Leather,65.46,Night
V_Delta,02-07-2024,22:00,1,Cloudy,Last Quarter,21.11,0,384,11,4,Denim,76.93,Night
V_Delta,08-07-2024,22:00,0,Rainy,New Moon,55.53,0,383,1,4,Leather,46.12,Night
V_Beta,07-09-2024,22:00,1,Cloudy,New Moon,64.41,0,381,7,5,Denim,59.31,Night
V_Delta,04-07-2024,22:00,3,Stormy,Waning Crescent,42.69,0,379,9,2,Spandex,58.5,Night
V_Alpha,23-08-2024,22:00,4,Rainy,Waning Gibbous,74.41,0,356,3.89,3,Denim,41.24,Night
V_Beta,15-05-2024,22:00,2,Rainy,Waxing Crescent,120,0,353,10,2,Spandex,51.31,Night
V_Gamma,30-08-2024,22:00,4,Stormy,Last Quarter,77.19,0,329,2,3,Leather,74.41,Night
V_Gamma,20-08-2024,22:00,1,Clear,Full Moon,74.94,0,325,2,4,Denim,69.24,Night
V_Delta,17-06-2024,22:00,0,Rainy,First Quarter,15,0,315,6,3,Spandex,66.42,Night
V_Delta,28-03-2024,22:00,3,Cloudy,Full Moon,43.56,0,306,1,1,Leather,44.89,Night
V_Delta,25-07-2024,22:00,3,Clear,Waning Gibbous,35.99,0,305,7,3,Denim,49.04,Night
V_Delta,05-09-2024,22:00,3,Stormy,New Moon,71.41,0,276,1,5,Denim,41.9,Night
V_Alpha,01-07-2024,22:00,0,Rainy,Last Quarter,77.28,0,252,3.89,2,Spandex,35.28,Night
V_Beta,09-07-2024,22:00,1,Rainy,New Moon,53.64,0,229,9,5,Leather,62.12,Night
V_Alpha,22-08-2024,22:00,3,Clear,Full Moon,41.5,0,200,3.89,3,Leather,45.37,Night
V_Beta,04-09-2024,22:00,2,Rainy,New Moon,81.97,0,141,6,2,Leather,31.67,Night
V_Beta,08-06-2024,23:00,5,Cloudy,New Moon,65.74,0,535,7,3,Denim,59.64,Night
V_Beta,24-08-2024,23:00,5,Rainy,Waning Gibbous,55.26,0,988,3,3,Leather,67.55,Night
V_Beta,31-08-2024,23:00,5,Stormy,Waning Crescent,50.31,0,923,7,4,Leather,0,Night
V_Delta,04-07-2024,23:00,3,Stormy,Waning Crescent,61.19,0,917,4,3,Denim,62.3,Night
V_Delta,27-07-2024,23:00,5,Stormy,Waning Gibbous,38.68,0,912,6,3,Leather,71.08,Night
V_Gamma,28-04-2024,23:00,6,Clear,Waning Gibbous,84.86,0,885,2,1,Denim,79.52,Night
V_Beta,24-08-2024,23:00,5,Rainy,Waning Gibbous,95.05,0,870,7,1,Denim,61.46,Night
V_Gamma,02-05-2024,23:00,3,Clear,Last Quarter,91.26,0,862,4,5,Spandex,81.25,Night
V_Beta,04-05-2024,23:00,5,Cloudy,Last Quarter,57.2,0,842,10,3,Spandex,67.52,Night
V_Gamma,12-05-2024,23:00,6,Cloudy,Waxing Crescent,0,0,827,11,5,Spandex,74.7,Night
V_Gamma,24-03-2024,23:00,6,Rainy,Waxing Gibbous,0,0,823,4,3,Spandex,63.21,Night
V_Beta,30-06-2024,23:00,6,Stormy,Last Quarter,47.8,0,822,3,2,Leather,5.3,Night
V_Beta,08-10-2024,23:00,5,Clear,Waxing Crescent,18.38,0,822,7,3,Denim,65.96,Night
V_Beta,21-04-2024,23:00,6,Stormy,Waxing Gibbous,52.42,0,812,2,1,Denim,56.27,Night
V_Gamma,02-06-2024,23:00,6,Clear,Last Quarter,65.405,0,809,3,5,Spandex,54.83,Night
V_Beta,23-06-2024,23:00,6,Cloudy,Full Moon,60.98,0,804,9,4,Leather,71.23,Night
V_Beta,11-03-2024,23:00,0,Stormy,New Moon,90,0,797,11,3,Leather,60.03,Night
V_Beta,08-09-2024,23:00,6,Stormy,Waxing Crescent,26.63,0,791,6,2,Denim,60.08,Night
V_Delta,25-08-2024,23:00,6,Rainy,Waning Gibbous,40.2,0,790,3,2,Denim,48.58,Night
V_Beta,04-04-2024,23:00,3,Clear,Last Quarter,47.46,0,789,2,4,Leather,0,Night
V_Beta,23-08-2024,23:00,4,Cloudy,Waning Gibbous,59.53,0,776,9,4,Leather,43.31,Night
V_Alpha,24-06-2024,23:00,0,Clear,Full Moon,92.1,0,771,5,3,Denim,59.84,Night
V_Beta,07-09-2024,23:00,5,Rainy,Waxing Crescent,59.94,0,771,11,2,Denim,61.09,Night
V_Beta,27-04-2024,23:00,5,Clear,Waning Gibbous,87.96,0,768,3,2,Denim,58.03,Night
V_Alpha,16-05-2024,23:00,3,Cloudy,First Quarter,74.58,0,763,3.89,4,Leather,41.53,Night
V_Beta,11-03-2024,23:00,0,Stormy,New Moon,39.33,0,756,4,4,Spandex,28.51,Night
V_Delta,13-09-2024,23:00,4,Cloudy,First Quarter,32.74,0,749,5,2,Spandex,68.71,Night
V_Delta,21-03-2024,23:00,3,Rainy,First Quarter,50.2,0,745,1,1,Leather,52.21,Night
V_Beta,09-03-2024,23:00,5,Cloudy,Waning Crescent,81.84,0,744,8,1,Spandex,0,Night
V_Beta,12-03-2024,23:00,1,Stormy,New Moon,52.9,0,734,1,3,Denim,35.95,Night
V_Alpha,24-05-2024,23:00,4,Clear,Full Moon,48.77,0,733,2,2,Denim,65.15,Night
V_Beta,01-05-2024,23:00,2,Rainy,Last Quarter,69.94,0,725,10,5,Spandex,58.86,Night
V_Beta,11-09-2024,23:00,2,Rainy,First Quarter,89.45,0,723,11,1,Spandex,0,Night
V_Gamma,17-08-2024,23:00,5,Cloudy,Waxing Gibbous,60.63,0,722,2,2,Leather,64.36,Night
V_Alpha,26-08-2024,23:00,0,Clear,Waning Gibbous,53.08,0,718,3.89,5,Spandex,47.16,Night
V_Gamma,23-03-2024,23:00,5,Rainy,Waxing Gibbous,90.66,0,716,7,1,Denim,63.76,Night
V_Delta,14-04-2024,23:00,6,Rainy,Waxing Crescent,32.87,0,714,3,2,Leather,25.79,Night
V_Beta,26-07-2024,23:00,4,Rainy,Waning Gibbous,78.68,0,703,10,5,Leather,53.63,Night
V_Delta,22-04-2024,23:00,0,Cloudy,Waxing Gibbous,34.1,0,701,10,2,Leather,63.21,Night
V_Beta,16-06-2024,23:00,6,Clear,First Quarter,69.9,0,694,2,5,Spandex,61.53,Night
V_Beta,02-03-2024,23:00,5,Clear,Waning Gibbous,57.57,0,690,4,4,Denim,67.71,Night
V_Gamma,01-09-2024,23:00,6,Clear,Waning Crescent,72,0,678,1,4,Spandex,70.02,Night
V_Beta,29-06-2024,23:00,5,Clear,Last Quarter,39.81,0,677,6,5,Leather,57.44,Night
V_Gamma,09-06-2024,23:00,6,Cloudy,New Moon,53.848,0,676,3,3,Spandex,56.91,Night
V_Delta,07-07-2024,23:00,6,Rainy,New Moon,48.65,0,673,11,3,Denim,91.77,Night
V_Beta,07-07-2024,23:00,6,Clear,New Moon,47.92,0,666,9,3,Denim,0,Night
V_Delta,29-08-2024,23:00,3,Cloudy,Last Quarter,27.69,0,665,11,4,Spandex,76.54,Night
V_Beta,20-05-2024,23:00,0,Stormy,Waxing Gibbous,72.64,0,662,3,1,Denim,34.05,Night
V_Alpha,23-07-2024,23:00,1,Cloudy,Full Moon,53.72,0,662,2,3,Spandex,41.22,Night
V_Alpha,17-06-2024,23:00,0,Stormy,First Quarter,37.33,0,662,3,3,Leather,56.84,Night
V_Gamma,03-08-2024,23:00,5,Rainy,Waning Crescent,50.5,0,656,9,5,Leather,47.82,Night
V_Delta,10-09-2024,23:00,1,Clear,Waxing Crescent,36.85,0,654,8,3,Spandex,62.31,Night
V_Beta,02-06-2024,23:00,6,Stormy,Last Quarter,23.58,0,654,6,2,Leather,61.82,Night
V_Gamma,17-05-2024,23:00,4,Rainy,First Quarter,56.86,0,651,1,2,Leather,47.89,Night
V_Beta,27-06-2024,23:00,3,Stormy,Waning Gibbous,53.07,0,646,6,5,Leather,55.08,Night
V_Delta,27-08-2024,23:00,1,Clear,Last Quarter,38.4,0,646,11,4,Spandex,69.8,Night
V_Beta,12-09-2024,23:00,3,Rainy,First Quarter,23.64,0,641,3,4,Leather,52.58,Night
V_Beta,05-10-2024,23:00,4,Cloudy,New Moon,51.03,0,640,8,4,Spandex,69.7,Night
V_Beta,01-06-2024,23:00,5,Cloudy,Last Quarter,62.53,0,638,8,3,Spandex,73.66,Night
V_Beta,27-06-2024,23:00,3,Clear,Waning Gibbous,27.81,0,637,9,5,Spandex,25.56,Night
V_Delta,29-05-2024,23:00,2,Rainy,Waning Gibbous,44.84,0,635,1,2,Denim,37.68,Night
V_Gamma,12-08-2024,23:00,0,Rainy,First Quarter,79.5655,0,634,5,4,Leather,71.01,Night
V_Beta,29-03-2024,23:00,4,Clear,Waning Gibbous,52.4,0,633,4,3,Denim,59.05,Night
V_Delta,10-07-2024,23:00,2,Rainy,Waxing Crescent,35.36,0,633,2,1,Spandex,40.56,Night
V_Gamma,23-08-2024,23:00,4,Stormy,Waning Gibbous,78.1639,0,632,10,2,Spandex,72.02,Night
V_Beta,17-05-2024,23:00,4,Rainy,First Quarter,36.24,0,632,1,5,Denim,63.29,Night
V_Delta,13-08-2024,23:00,1,Rainy,First Quarter,66.39,0,629,1,2,Spandex,55.02,Night
V_Beta,08-03-2024,23:00,4,Stormy,Waning Crescent,45.39,0,627,2,3,Denim,0,Night
V_Gamma,08-03-2024,23:00,4,Clear,Waning Crescent,0,0,626,8,2,Denim,47.37,Night
V_Beta,21-06-2024,23:00,4,Rainy,Waxing Gibbous,39.64,0,625,6,2,Leather,58.04,Night
V_Gamma,30-05-2024,23:00,3,Cloudy,Waning Gibbous,73.8,0,623,2,2,Denim,73.38,Night
V_Beta,07-04-2024,23:00,6,Clear,Waning Crescent,51.18,0,621,11,1,Leather,54.05,Night
V_Beta,18-05-2024,23:00,5,Clear,First Quarter,57.02,0,619,7,2,Denim,62.02,Night
V_Beta,18-08-2024,23:00,6,Stormy,Waxing Gibbous,15,0,617,10,2,Denim,69.38,Night
V_Gamma,18-05-2024,23:00,5,Stormy,First Quarter,77.37,0,613,10,3,Spandex,70.79,Night
V_Beta,18-04-2024,23:00,3,Clear,First Quarter,30.42,0,613,5,2,Denim,52.27,Night
V_Beta,19-04-2024,23:00,4,Clear,First Quarter,65.6,0,610,5,4,Spandex,45.33,Night
V_Beta,17-03-2024,23:00,6,Cloudy,Waxing Crescent,49.88,0,606,7,4,Leather,71.26,Night
V_Delta,18-03-2024,23:00,0,Clear,First Quarter,49.87,0,604,7,5,Leather,58.29,Night
V_Beta,11-08-2024,23:00,6,Stormy,Waxing Crescent,65.76,0,603,5,1,Denim,6,Night
V_Alpha,21-07-2024,23:00,6,Stormy,Full Moon,77.72,0,599,4,1,Denim,58.44,Night
V_Delta,22-08-2024,23:00,3,Rainy,Full Moon,43.03,0,599,3,3,Leather,68.47,Night
V_Alpha,27-03-2024,23:00,2,Clear,Full Moon,45.03,0,598,3.89,1,Leather,13.39,Night
V_Gamma,16-06-2024,23:00,6,Cloudy,First Quarter,80.9652,0,594,8,1,Denim,68.7,Night
V_Delta,02-09-2024,23:00,0,Rainy,Waning Crescent,29.9,0,594,11,2,Spandex,59.85,Night
V_Delta,29-07-2024,23:00,0,Clear,Last Quarter,36.34,0,593,4,5,Denim,40.49,Night
V_Delta,21-04-2024,23:00,6,Rainy,Waxing Gibbous,15.89,0,589,11,5,Spandex,56.23,Night
V_Alpha,10-03-2024,23:00,6,Cloudy,New Moon,58.66,0,588,3.89,2,Spandex,50.2,Night
V_Beta,13-09-2024,23:00,4,Cloudy,First Quarter,62.05,0,587,8,1,Leather,0,Night
V_Delta,05-09-2024,23:00,3,Stormy,New Moon,52.09,0,587,4,2,Leather,51.98,Night
V_Beta,08-04-2024,23:00,0,Rainy,Waning Crescent,39.45,0,587,4,4,Denim,0,Night
V_Beta,06-04-2024,23:00,5,Rainy,Waning Crescent,57.98,0,581,5,2,Leather,68.07,Night
V_Beta,11-04-2024,23:00,3,Rainy,New Moon,20.22,0,578,11,3,Denim,4.32,Night
V_Beta,16-08-2024,23:00,4,Rainy,Waxing Gibbous,15,0,578,2,2,Denim,58.93,Night
V_Beta,16-03-2024,23:00,5,Clear,Waxing Crescent,43.63,0,577,5,2,Denim,68.34,Night
V_Delta,24-07-2024,23:00,2,Cloudy,Full Moon,35.67,0,576,10,4,Denim,70.85,Night
V_Beta,22-05-2024,23:00,2,Rainy,Waxing Gibbous,15,0,576,10,4,Denim,40.91,Night
V_Delta,19-05-2024,23:00,6,Stormy,First Quarter,15,0,575,8,3,Leather,56.94,Night
V_Delta,07-04-2024,23:00,6,Rainy,Waning Crescent,15,0,571,10,3,Leather,68.96,Night
V_Gamma,05-05-2024,23:00,6,Rainy,Waning Crescent,89.13,0,570,1,1,Leather,77.82,Night
V_Beta,22-06-2024,23:00,5,Stormy,Full Moon,66.77,0,568,4,4,Denim,83.82,Night
V_Beta,19-03-2024,23:00,1,Cloudy,First Quarter,37.84,0,566,5,5,Leather,51.67,Night
V_Beta,28-06-2024,23:00,4,Rainy,Waning Gibbous,32.67,0,565,10,2,Spandex,59.01,Night
V_Delta,11-06-2024,23:00,1,Cloudy,Waxing Crescent,52.34,0,564,7,1,Denim,48.06,Night
V_Delta,06-08-2024,23:00,1,Stormy,New Moon,35.88,0,557,11,1,Spandex,55.21,Night
V_Gamma,30-06-2024,23:00,6,Rainy,Last Quarter,50,0,556,5,5,Spandex,79.18,Night
V_Gamma,04-04-2024,23:00,3,Cloudy,Last Quarter,89.73,0,551,1,3,Denim,82.79,Night
V_Delta,15-04-2024,23:00,0,Clear,Waxing Crescent,61.61,0,549,3,1,Spandex,58.06,Night
V_Delta,09-09-2024,23:00,0,Rainy,Waxing Crescent,42.91,0,548,7,4,Denim,58.01,Night
V_Beta,03-09-2024,23:00,1,Stormy,New Moon,84.03,0,547,9,3,Leather,31.23,Night
V_Gamma,22-07-2024,23:00,0,Stormy,Full Moon,74.99,112.48,546,8,5,Denim,80.14,Night
V_Beta,25-04-2024,23:00,3,Rainy,Full Moon,72.51,0,544,10,4,Leather,52.07,Night
V_Delta,28-07-2024,23:00,6,Stormy,Waning Gibbous,20.64,0,541,8,1,Leather,43.58,Night
V_Delta,28-06-2024,23:00,4,Stormy,Waning Gibbous,44.97,0,537,9,3,Leather,55.81,Night
V_Beta,27-05-2024,23:00,0,Cloudy,Waning Gibbous,15,0,537,8,5,Leather,66.38,Night
V_Beta,27-04-2024,23:00,5,Cloudy,Waning Gibbous,21.84,0,535,5,1,Spandex,70.67,Night
V_Beta,08-07-2024,23:00,0,Rainy,New Moon,63.65,0,532,8,3,Leather,53.41,Night
V_Beta,26-04-2024,23:00,4,Rainy,Full Moon,30.5,0,532,7,5,Leather,49.14,Night
V_Delta,23-06-2024,23:00,6,Cloudy,Full Moon,15,0,531,1,1,Leather,64.08,Night
V_Beta,02-08-2024,23:00,4,Rainy,Waning Crescent,87.1,0,530,10,3,Leather,46.96,Night
V_Delta,12-06-2024,23:00,2,Rainy,Waxing Crescent,56.02,0,525,7,4,Leather,63.33,Night
V_Delta,11-09-2024,23:00,2,Rainy,First Quarter,20.19,0,525,8,4,Leather,58.42,Night
V_Beta,04-03-2024,23:00,0,Cloudy,Last Quarter,94.63,0,523,3,5,Denim,0,Night
V_Beta,23-07-2024,23:00,1,Cloudy,Full Moon,20.25,0,520,10,3,Denim,0,Night
V_Delta,29-04-2024,23:00,0,Stormy,Waning Gibbous,23.66,0,511,9,5,Leather,45.25,Night
V_Beta,26-03-2024,23:00,1,Stormy,Full Moon,71.86,0,508,4,5,Denim,53.03,Night
V_Beta,07-03-2024,23:00,3,Clear,Waning Crescent,49.71,0,505,8,3,Leather,58.5,Night
V_Delta,04-08-2024,23:00,6,Cloudy,Waning Crescent,61.07,0,504,2,3,Denim,53.16,Night
V_Beta,28-05-2024,23:00,1,Rainy,Waning Gibbous,53.37,0,503,9,1,Leather,34.21,Night
V_Gamma,21-05-2024,23:00,1,Cloudy,Waxing Gibbous,92.58,138.87,502,11,3,Spandex,72.84,Night
V_Beta,05-03-2024,23:00,1,Rainy,Last Quarter,47.35,0,502,11,5,Spandex,51.04,Night
V_Alpha,15-06-2024,23:00,5,Clear,First Quarter,46.55,0,500,3.89,4,Denim,28.31,Night
V_Beta,24-04-2024,23:00,2,Clear,Full Moon,32.52,0,500,3,1,Leather,0,Night
V_Delta,16-04-2024,23:00,1,Clear,First Quarter,48.09,0,497,9,3,Leather,72.15,Night
V_Beta,10-06-2024,23:00,0,Clear,New Moon,61.58,0,494,7,5,Leather,62.51,Night
V_Delta,08-08-2024,23:00,3,Clear,New Moon,31.69,0,494,9,2,Denim,45.89,Night
V_Beta,24-05-2024,23:00,4,Rainy,Full Moon,54.05,0,493,4,4,Leather,41.82,Night
V_Gamma,13-04-2024,23:00,5,Stormy,Waxing Crescent,46.5866,0,493,8,5,Denim,76.61,Night
V_Delta,31-08-2024,23:00,5,Stormy,Waning Crescent,18.75,0,490,7,5,Spandex,59.74,Night
V_Delta,09-07-2024,23:00,1,Clear,New Moon,41.46,0,488,11,2,Leather,87.3,Night
V_Beta,02-07-2024,23:00,1,Rainy,Last Quarter,56.23,0,485,11,2,Spandex,60.5,Night
V_Alpha,05-08-2024,23:00,0,Stormy,New Moon,65.66,0,480,3.89,2,Denim,45.27,Night
V_Beta,17-03-2024,23:00,6,Cloudy,Waxing Crescent,15.73,0,480,6,2,Spandex,71.57,Night
V_Delta,07-06-2024,23:00,4,Clear,New Moon,19.8,0,477,11,2,Denim,58.98,Night
V_Beta,30-08-2024,23:00,4,Cloudy,Last Quarter,72.26,0,476,7,4,Leather,45.4,Night
V_Delta,06-09-2024,23:00,4,Cloudy,New Moon,37.68,0,474,6,2,Leather,58.07,Night
V_Beta,17-08-2024,23:00,5,Rainy,Waxing Gibbous,58.09,0,469,5,1,Denim,49.95,Night
V_Delta,13-03-2024,23:00,2,Stormy,New Moon,26.44,0,466,3,1,Leather,40.58,Night
V_Gamma,03-05-2024,23:00,4,Stormy,Last Quarter,52.74,0,464,5,1,Spandex,52.42,Night
V_Beta,15-08-2024,23:00,3,Cloudy,First Quarter,31.84,0,464,10,2,Leather,0,Night
V_Beta,16-03-2024,23:00,5,Cloudy,Waxing Crescent,31.86,0,463,10,3,Denim,59.03,Night
V_Beta,03-08-2024,23:00,5,Cloudy,Waning Crescent,60.71,0,459,4,3,Denim,8.45,Night
V_Delta,20-08-2024,23:00,1,Cloudy,Full Moon,43.92,0,457,2,2,Denim,50.63,Night
V_Beta,25-07-2024,23:00,3,Rainy,Waning Gibbous,59.19,0,455,3,5,Denim,57.79,Night
V_Beta,04-06-2024,23:00,1,Clear,Waning Crescent,15,0,454,5,5,Denim,63.68,Night
V_Gamma,04-05-2024,23:00,5,Rainy,Last Quarter,78.41,117.61,451,4,4,Denim,83.81,Night
V_Gamma,10-05-2024,23:00,4,Rainy,New Moon,0,0,450,5,3,Leather,61.55,Night
V_Beta,06-07-2024,23:00,5,Stormy,New Moon,61.11,0,448,7,2,Leather,0,Night
V_Beta,19-05-2024,23:00,6,Stormy,First Quarter,25.66,0,448,9,2,Denim,50.63,Night
V_Delta,27-05-2024,23:00,0,Rainy,Waning Gibbous,38.41,0,446,2,3,Leather,54.88,Night
V_Beta,03-12-2024,23:00,1,Cloudy,New Moon,53.4,0,444,6,5,Denim,57.42,Night
V_Delta,08-06-2024,23:00,5,Cloudy,New Moon,31.39,0,443,1,4,Leather,59.34,Night
V_Beta,01-03-2024,23:00,4,Stormy,Waning Gibbous,31.01,0,442,2,1,Denim,54.53,Night
V_Beta,04-06-2024,23:00,1,Rainy,Waning Crescent,58.82,0,441,2,2,Denim,52.5,Night
V_Beta,14-07-2024,23:00,6,Cloudy,First Quarter,61.42,0,440,6,4,Denim,56.06,Night
V_Delta,05-06-2024,23:00,2,Cloudy,Waning Crescent,59.41,0,439,6,4,Denim,46.66,Night
V_Delta,28-05-2024,23:00,1,Clear,Waning Gibbous,52.29,0,439,3,3,Leather,62.44,Night
V_Alpha,26-07-2024,23:00,4,Cloudy,Waning Gibbous,52.37,0,434,3.89,2,Denim,51.51,Night
V_Delta,16-09-2024,23:00,0,Clear,Waxing Gibbous,43.9,0,433,6,5,Leather,78.45,Night
V_Delta,09-05-2024,23:00,3,Stormy,New Moon,33.84,0,433,8,3,Leather,88,Night
V_Beta,20-03-2024,23:00,2,Rainy,First Quarter,71.15,0,431,9,3,Spandex,53.83,Night
V_Delta,03-09-2024,23:00,1,Rainy,New Moon,37.14,0,431,6,1,Leather,42.32,Night
V_Beta,09-04-2024,23:00,1,Rainy,New Moon,64.64,0,429,11,4,Denim,39.67,Night
V_Beta,15-04-2024,23:00,0,Cloudy,Waxing Crescent,18.6,0,426,1,4,Spandex,58.66,Night
V_Beta,10-08-2024,23:00,5,Rainy,Waxing Crescent,40.68,0,423,11,3,Denim,69.98,Night
V_Beta,30-03-2024,23:00,5,Clear,Waning Gibbous,29.44,0,421,3,2,Leather,74.93,Night
V_Delta,19-07-2024,23:00,4,Stormy,Waxing Gibbous,15,0,421,3,3,Denim,30.86,Night
V_Beta,09-12-2024,23:00,3,Clear,First Quarter,47.69,0,418,8,1,Leather,50.35,Night
V_Delta,25-05-2024,23:00,5,Cloudy,Full Moon,49.5,0,415,10,4,Leather,54.76,Night
V_Delta,13-06-2024,23:00,3,Stormy,Waxing Crescent,43.3,0,412,5,1,Leather,59.29,Night
V_Delta,03-07-2024,23:00,2,Stormy,Waning Crescent,35.69,0,412,2,5,Spandex,53.36,Night
V_Gamma,15-07-2024,23:00,0,Clear,First Quarter,94,0,409,7,3,Denim,77.18,Night
V_Beta,12-08-2024,23:00,0,Clear,First Quarter,59.22,0,399,1,4,Denim,55.16,Night
V_Beta,12-09-2024,23:00,3,Cloudy,First Quarter,58.89,0,399,7,3,Leather,52.38,Night
V_Beta,15-05-2024,23:00,2,Clear,Waxing Crescent,27.4,0,394,8,2,Spandex,0.18,Night
V_Alpha,10-04-2024,23:00,2,Rainy,New Moon,27.32,0,394,4,5,Denim,66.2,Night
V_Beta,09-08-2024,23:00,4,Cloudy,Waxing Crescent,32.44,0,391,2,2,Denim,57.88,Night
V_Delta,06-03-2024,23:00,2,Rainy,Last Quarter,43.21,0,388,2,2,Leather,45.72,Night
V_Beta,04-09-2024,23:00,2,Rainy,New Moon,39.73,0,387,11,5,Denim,59.59,Night
V_Gamma,14-06-2024,23:00,4,Rainy,First Quarter,47,0,380,1,2,Spandex,17.33,Night
V_Delta,22-03-2024,23:00,4,Rainy,Waxing Gibbous,40.03,0,378,11,5,Denim,80.25,Night
V_Beta,03-04-2024,23:00,2,Clear,Last Quarter,62.87,0,374,2,4,Spandex,0,Night
V_Beta,12-07-2024,23:00,4,Rainy,Waxing Crescent,24.8,0,373,11,5,Denim,68.98,Night
V_Alpha,03-04-2024,23:00,2,Clear,Last Quarter,68.16,0,363,3.89,5,Spandex,48.02,Night
V_Beta,20-03-2024,23:00,2,Clear,First Quarter,74.42,0,356,10,2,Spandex,56.54,Night
V_Alpha,12-07-2024,23:00,4,Cloudy,Waxing Crescent,37.33,0,355,3,4,Denim,56.15,Night
V_Delta,30-07-2024,23:00,1,Clear,Last Quarter,23.83,0,354,10,1,Leather,76.99,Night
V_Gamma,06-07-2024,23:00,5,Stormy,New Moon,0,0,354,7,5,Denim,100,Night
V_Delta,23-05-2024,23:00,3,Rainy,Full Moon,47.36,0,346,7,3,Leather,62.05,Night
V_Delta,17-07-2024,23:00,2,Clear,First Quarter,44.9,0,345,1,5,Denim,44.37,Night
V_Beta,21-03-2024,23:00,3,Stormy,First Quarter,30.12,0,344,5,1,Leather,41.52,Night
V_Beta,16-07-2024,23:00,1,Clear,First Quarter,89.34,0,341,6,4,Denim,61.71,Night
V_Beta,03-06-2024,23:00,0,Stormy,Waning Crescent,41.35,0,336,6,2,Leather,0,Night
V_Gamma,13-05-2024,23:00,0,Cloudy,Waxing Crescent,91.47,0,333,1,2,Spandex,75.95,Night
V_Delta,13-07-2024,23:00,5,Stormy,Waxing Crescent,37.38,0,333,2,1,Leather,37.03,Night
V_Gamma,15-09-2024,23:00,6,Rainy,Waxing Gibbous,60.84,91.26,331,5,4,Denim,73.75,Night
V_Delta,12-03-2024,23:00,1,Cloudy,New Moon,44.11,0,330,2,4,Spandex,54.22,Night
V_Beta,20-06-2024,23:00,3,Clear,Waxing Gibbous,66.81,0,327,1,4,Spandex,57.04,Night
V_Beta,30-07-2024,23:00,1,Rainy,Last Quarter,46.11,0,327,6,3,Leather,42.3,Night
V_Beta,10-06-2024,23:00,0,Clear,New Moon,55.01,0,323,7,3,Denim,58.87,Night
V_Gamma,14-03-2024,23:00,3,Cloudy,Waxing Crescent,83.19,124.78,316,2,3,Spandex,73.48,Night
V_Alpha,02-03-2024,23:00,5,Cloudy,Waning Gibbous,47.51,0,312,3.89,3,Leather,9.4,Night
V_Delta,08-07-2024,23:00,0,Cloudy,New Moon,42.44,0,311,8,5,Denim,69.23,Night
V_Delta,19-04-2024,23:00,4,Stormy,First Quarter,36.84,0,291,9,1,Denim,50.94,Night
V_Beta,12-04-2024,23:00,4,Stormy,New Moon,69.48,0,284,6,5,Leather,0,Night
V_Beta,17-09-2024,23:00,1,Stormy,Waxing Gibbous,53.07,0,284,4,5,Denim,48.61,Night
V_Delta,26-06-2024,23:00,2,Rainy,Waning Gibbous,52.66,0,279,2,1,Spandex,47.13,Night
V_Alpha,09-08-2024,23:00,4,Clear,Waxing Crescent,60.28,0,268,3.89,4,Spandex,53.68,Night
V_Delta,28-08-2024,23:00,2,Stormy,Last Quarter,45.39,0,267,8,2,Spandex,72.8,Night
V_Delta,12-04-2024,23:00,4,Cloudy,New Moon,53.79,0,263,2,4,Spandex,61.91,Night
V_Alpha,05-07-2024,23:00,4,Stormy,Waning Crescent,70.58,0,225,3.89,2,Spandex,48.06,Night
V_Delta,11-07-2024,23:00,3,Cloudy,Waxing Crescent,48.14,0,213,8,2,Leather,43.19,Night
V_Beta,01-07-2024,23:00,0,Clear,Last Quarter,15,0,200,6,2,Leather,54.06,Night
V_Beta,26-04-2024,23:00,4,Rainy,Full Moon,54.18,0,192,4,4,Spandex,63.34,Night
V_Beta,21-08-2024,23:00,2,Cloudy,Full Moon,65.78,0,180,1,5,Leather,63.81,Night
V_Gamma,31-07-2024,23:00,2,Cloudy,Last Quarter,76.09,0,161,1,5,Denim,83.03,Night
V_Delta,07-03-2024,23:00,3,Clear,Waning Crescent,50.1,0,122,10,2,Leather,41.16,Night
V_Delta,30-08-2024,23:00,4,Clear,Last Quarter,41.62,0,107,2,3,Leather,48.42,Night
V_Beta,15-08-2024,23:00,3,Cloudy,First Quarter,27.34,0,100,3,1,Denim,53.6,Night
